Offense Type,Report Date,Incident Precinct Code,Borough Name,Intimate Relationship Flag,Victim Race,Victim Sex,Victim Reported Age,Suspect Race,Suspect Sex,Suspect Reported Age,COMMDIST,Poverty,Median Income,Unemployment
DIR,12/31/2021,40,BRONX,MISSING,,,,,,,201,1,1,1
DIR,12/31/2021,40,BRONX,YES,BLACK,FEMALE,29,BLACK,MALE,39,201,1,1,1
DIR,12/31/2021,40,BRONX,NO,BLACK,FEMALE,59,BLACK,MALE,34,201,1,1,1
DIR,12/31/2021,40,BRONX,YES,OTHER,MALE,34,OTHER,MALE,33,201,1,1,1
DIR,12/31/2021,40,BRONX,MISSING,,,,,,,201,1,1,1
DIR,12/31/2021,40,BRONX,YES,BLACK,FEMALE,43,BLACK,MALE,33,201,1,1,1
DIR,12/31/2021,40,BRONX,YES,BLACK,MALE,34,,,,201,1,1,1
DIR,12/31/2021,40,BRONX,YES,BLACK,FEMALE,50,BLACK,MALE,52,201,1,1,1
DIR,12/31/2021,40,BRONX,NO,BLACK,FEMALE,61,BLACK,MALE,30,201,1,1,1
DIR,12/31/2021,40,BRONX,NO,BLACK,FEMALE,63,BLACK,FEMALE,25,201,1,1,1
DIR,12/31/2021,40,BRONX,YES,BLACK,FEMALE,30,BLACK,MALE,27,201,1,1,1
DIR,12/31/2021,40,BRONX,NO,WHITE,MALE,19,WHITE,MALE,50,201,1,1,1
DIR,12/31/2021,40,BRONX,YES,WHITE,FEMALE,31,WHITE,MALE,36,201,1,1,1
DIR,12/31/2021,40,BRONX,NO,BLACK,FEMALE,44,BLACK,FEMALE,52,201,1,1,1
DIR,12/31/2021,40,BRONX,NO,BLACK,FEMALE,,BLACK,MALE,,201,1,1,1
DIR,12/31/2021,40,BRONX,MISSING,,,,,,,201,1,1,1
DIR,12/31/2021,40,BRONX,MISSING,,,,,,,201,1,1,1
DIR,12/31/2021,40,BRONX,MISSING,,,,,,,201,1,1,1
DIR,12/31/2021,40,BRONX,MISSING,,,,,,,201,1,1,1
DIR,12/31/2021,40,BRONX,NO,OTHER,FEMALE,52,BLACK,FEMALE,16,201,1,1,1
DIR,12/31/2021,40,BRONX,MISSING,,,,,,,201,1,1,1
DIR,12/31/2021,40,BRONX,NO,BLACK,FEMALE,46,BLACK,MALE,8,201,1,1,1
DIR,12/31/2021,40,BRONX,YES,OTHER,MALE,32,OTHER,MALE,41,201,1,1,1
DIR,12/31/2021,40,BRONX,YES,BLACK,FEMALE,45,BLACK,MALE,,201,1,1,1
DIR,12/31/2021,40,BRONX,YES,WHITE,FEMALE,35,BLACK,MALE,26,201,1,1,1
DIR,12/31/2021,40,BRONX,YES,BLACK,FEMALE,,BLACK,MALE,30,201,1,1,1
DIR,12/31/2021,40,BRONX,YES,OTHER,MALE,31,OTHER,FEMALE,36,201,1,1,1
DIR,12/31/2021,41,BRONX,NO,BLACK,FEMALE,20,BLACK,FEMALE,19,202,1,1,1
DIR,12/31/2021,41,BRONX,MISSING,,,,,,,202,1,1,1
DIR,12/31/2021,41,BRONX,YES,BLACK,FEMALE,30,BLACK,MALE,30,202,1,1,1
DIR,12/31/2021,41,BRONX,NO,BLACK,FEMALE,2,BLACK,FEMALE,30,202,1,1,1
DIR,12/31/2021,41,BRONX,MISSING,,,,,,,202,1,1,1
DIR,12/31/2021,41,BRONX,NO,WHITE,FEMALE,38,WHITE,FEMALE,,202,1,1,1
DIR,12/31/2021,41,BRONX,YES,WHITE,FEMALE,36,WHITE,MALE,37,202,1,1,1
DIR,12/31/2021,41,BRONX,MISSING,,,,,,,202,1,1,1
DIR,12/31/2021,41,BRONX,NO,WHITE,FEMALE,47,WHITE,FEMALE,23,202,1,1,1
DIR,12/31/2021,41,BRONX,YES,WHITE,FEMALE,42,WHITE,MALE,37,202,1,1,1
DIR,12/31/2021,41,BRONX,YES,WHITE,MALE,40,WHITE,FEMALE,27,202,1,1,1
DIR,12/31/2021,41,BRONX,NO,BLACK,MALE,22,BLACK,FEMALE,20,202,1,1,1
DIR,12/31/2021,41,BRONX,NO,BLACK,MALE,19,BLACK,FEMALE,20,202,1,1,1
DIR,12/31/2021,41,BRONX,MISSING,,,,,,,202,1,1,1
DIR,12/31/2021,41,BRONX,YES,WHITE,FEMALE,38,WHITE,MALE,38,202,1,1,1
DIR,12/31/2021,41,BRONX,YES,WHITE,FEMALE,47,WHITE,MALE,50,202,1,1,1
DIR,12/31/2021,42,BRONX,YES,WHITE,FEMALE,35,WHITE,MALE,34,203,1,1,1
DIR,12/31/2021,42,BRONX,NO,WHITE,FEMALE,42,BLACK,MALE,19,203,1,1,1
DIR,12/31/2021,42,BRONX,MISSING,,,,,,,203,1,1,1
DIR,12/31/2021,42,BRONX,YES,WHITE,MALE,46,BLACK,FEMALE,29,203,1,1,1
DIR,12/31/2021,42,BRONX,MISSING,,,,,,,203,1,1,1
DIR,12/31/2021,42,BRONX,YES,BLACK,FEMALE,30,BLACK,MALE,30,203,1,1,1
DIR,12/31/2021,42,BRONX,YES,WHITE,FEMALE,26,BLACK,MALE,27,203,1,1,1
DIR,12/31/2021,42,BRONX,YES,WHITE,FEMALE,43,WHITE,MALE,43,203,1,1,1
DIR,12/31/2021,42,BRONX,NO,BLACK,FEMALE,35,BLACK,FEMALE,23,203,1,1,1
DIR,12/31/2021,42,BRONX,MISSING,,,,,,,203,1,1,1
DIR,12/31/2021,42,BRONX,YES,OTHER,MALE,42,BLACK,FEMALE,35,203,1,1,1
DIR,12/31/2021,42,BRONX,YES,WHITE,FEMALE,27,WHITE,MALE,47,203,1,1,1
DIR,12/31/2021,42,BRONX,YES,BLACK,FEMALE,22,BLACK,MALE,31,203,1,1,1
DIR,12/31/2021,42,BRONX,YES,BLACK,FEMALE,45,BLACK,MALE,41,203,1,1,1
DIR,12/31/2021,42,BRONX,YES,WHITE,FEMALE,24,,MALE,25,203,1,1,1
DIR,12/31/2021,42,BRONX,YES,OTHER,FEMALE,,BLACK,MALE,29,203,1,1,1
DIR,12/31/2021,42,BRONX,YES,OTHER,MALE,,OTHER,FEMALE,56,203,1,1,1
DIR,12/31/2021,42,BRONX,YES,BLACK,FEMALE,35,BLACK,MALE,,203,1,1,1
DIR,12/31/2021,42,BRONX,MISSING,,,,,,,203,1,1,1
DIR,12/31/2021,42,BRONX,MISSING,,,,,,,203,1,1,1
DIR,12/31/2021,44,BRONX,NO,BLACK,MALE,,BLACK,MALE,42,204,1,1,1
DIR,12/31/2021,44,BRONX,YES,BLACK,FEMALE,42,BLACK,MALE,41,204,1,1,1
DIR,12/31/2021,44,BRONX,YES,BLACK,MALE,43,BLACK,FEMALE,43,204,1,1,1
DIR,12/31/2021,44,BRONX,YES,BLACK,FEMALE,43,BLACK,MALE,44,204,1,1,1
FELONY ASSAULT,12/31/2021,44,BRONX,Yes,BLACK,MALE,44,BLACK,FEMALE,43,204,1,1,1
DIR,12/31/2021,44,BRONX,YES,BLACK,FEMALE,58,BLACK,MALE,,204,1,1,1
DIR,12/31/2021,44,BRONX,NO,BLACK,MALE,6,BLACK,FEMALE,43,204,1,1,1
DIR,12/31/2021,44,BRONX,YES,BLACK,FEMALE,31,BLACK,MALE,35,204,1,1,1
DIR,12/31/2021,44,BRONX,NO,BLACK,FEMALE,45,BLACK,MALE,29,204,1,1,1
DIR,12/31/2021,44,BRONX,NO,BLACK,FEMALE,26,BLACK,MALE,,204,1,1,1
DIR,12/31/2021,44,BRONX,NO,WHITE,FEMALE,59,WHITE,MALE,63,204,1,1,1
DIR,12/31/2021,44,BRONX,YES,BLACK,MALE,39,BLACK,FEMALE,,204,1,1,1
DIR,12/31/2021,44,BRONX,YES,OTHER,FEMALE,31,,MALE,,204,1,1,1
DIR,12/31/2021,44,BRONX,YES,BLACK,FEMALE,,WHITE,MALE,,204,1,1,1
DIR,12/31/2021,44,BRONX,MISSING,,FEMALE,,,,,204,1,1,1
DIR,12/31/2021,44,BRONX,YES,BLACK,MALE,62,BLACK,FEMALE,46,204,1,1,1
DIR,12/31/2021,44,BRONX,YES,OTHER,MALE,,OTHER,FEMALE,,204,1,1,1
DIR,12/31/2021,44,BRONX,MISSING,,,,,,,204,1,1,1
DIR,12/31/2021,44,BRONX,NO,BLACK,FEMALE,78,BLACK,FEMALE,42,204,1,1,1
DIR,12/31/2021,44,BRONX,NO,WHITE,MALE,27,WHITE,MALE,36,204,1,1,1
DIR,12/31/2021,44,BRONX,NO,BLACK,FEMALE,45,BLACK,FEMALE,19,204,1,1,1
DIR,12/31/2021,44,BRONX,MISSING,BLACK,FEMALE,33,,,,204,1,1,1
DIR,12/31/2021,44,BRONX,NO,WHITE,MALE,46,WHITE,FEMALE,27,204,1,1,1
DIR,12/31/2021,44,BRONX,YES,OTHER,FEMALE,17,OTHER,MALE,21,204,1,1,1
DIR,12/31/2021,46,BRONX,NO,,,,,,,205,1,1,1
DIR,12/31/2021,46,BRONX,MISSING,,,,,,,205,1,1,1
DIR,12/31/2021,46,BRONX,NO,WHITE,FEMALE,31,WHITE,FEMALE,55,205,1,1,1
DIR,12/31/2021,46,BRONX,MISSING,,,,,,,205,1,1,1
DIR,12/31/2021,46,BRONX,YES,BLACK,FEMALE,51,BLACK,MALE,53,205,1,1,1
DIR,12/31/2021,46,BRONX,YES,BLACK,FEMALE,25,BLACK,MALE,22,205,1,1,1
DIR,12/31/2021,46,BRONX,YES,WHITE,FEMALE,33,WHITE,MALE,25,205,1,1,1
DIR,12/31/2021,46,BRONX,NO,BLACK,FEMALE,,OTHER,MALE,,205,1,1,1
DIR,12/31/2021,46,BRONX,NO,BLACK,MALE,36,OTHER,MALE,29,205,1,1,1
DIR,12/31/2021,46,BRONX,YES,WHITE,MALE,27,WHITE,FEMALE,35,205,1,1,1
DIR,12/31/2021,46,BRONX,MISSING,,,,,,,205,1,1,1
DIR,12/31/2021,46,BRONX,MISSING,,,,,,,205,1,1,1
DIR,12/31/2021,46,BRONX,MISSING,,,,,,,205,1,1,1
DIR,12/31/2021,46,BRONX,NO,,,,,,,205,1,1,1
DIR,12/31/2021,46,BRONX,NO,,,,,,,205,1,1,1
DIR,12/31/2021,46,BRONX,YES,WHITE,FEMALE,,WHITE,MALE,,205,1,1,1
DIR,12/31/2021,48,BRONX,MISSING,,MALE,11,,FEMALE,,206,1,1,1
DIR,12/31/2021,48,BRONX,YES,BLACK,MALE,26,OTHER,FEMALE,25,206,1,1,1
DIR,12/31/2021,48,BRONX,MISSING,,,,,,,206,1,1,1
DIR,12/31/2021,48,BRONX,YES,BLACK,FEMALE,,,,,206,1,1,1
DIR,12/31/2021,48,BRONX,MISSING,,,,,,,206,1,1,1
DIR,12/31/2021,48,BRONX,NO,BLACK,FEMALE,63,BLACK,MALE,32,206,1,1,1
DIR,12/31/2021,48,BRONX,MISSING,,,,,,,206,1,1,1
DIR,12/31/2021,48,BRONX,MISSING,,FEMALE,,,,,206,1,1,1
DIR,12/31/2021,48,BRONX,MISSING,,,62,,,,206,1,1,1
DIR,12/31/2021,52,BRONX,YES,WHITE,FEMALE,24,BLACK,MALE,24,207,1,1,1
DIR,12/31/2021,52,BRONX,YES,BLACK,MALE,45,ASIAN / PACIFIC ISLANDER,FEMALE,35,207,1,1,1
DIR,12/31/2021,52,BRONX,NO,OTHER,FEMALE,53,WHITE,FEMALE,35,207,1,1,1
DIR,12/31/2021,52,BRONX,MISSING,,,,,,,207,1,1,1
DIR,12/31/2021,52,BRONX,NO,BLACK,MALE,47,BLACK,MALE,86,207,1,1,1
DIR,12/31/2021,52,BRONX,NO,OTHER,FEMALE,,OTHER,MALE,,207,1,1,1
DIR,12/31/2021,52,BRONX,NO,BLACK,FEMALE,58,BLACK,MALE,37,207,1,1,1
DIR,12/31/2021,52,BRONX,MISSING,WHITE,FEMALE,39,,,,207,1,1,1
DIR,12/31/2021,52,BRONX,MISSING,,,,,,,207,1,1,1
DIR,12/31/2021,52,BRONX,NO,BLACK,FEMALE,36,BLACK,MALE,17,207,1,1,1
DIR,12/31/2021,52,BRONX,MISSING,,,,,,,207,1,1,1
DIR,12/31/2021,52,BRONX,NO,BLACK,MALE,36,OTHER,FEMALE,31,207,1,1,1
DIR,12/31/2021,52,BRONX,YES,WHITE,FEMALE,18,WHITE,MALE,20,207,1,1,1
DIR,12/31/2021,52,BRONX,MISSING,BLACK,FEMALE,,,,,207,1,1,1
DIR,12/31/2021,52,BRONX,NO,WHITE,MALE,40,WHITE,MALE,14,207,1,1,1
DIR,12/31/2021,52,BRONX,YES,WHITE,MALE,46,OTHER,FEMALE,35,207,1,1,1
DIR,12/31/2021,52,BRONX,YES,BLACK,FEMALE,22,BLACK,MALE,23,207,1,1,1
DIR,12/31/2021,52,BRONX,YES,WHITE,FEMALE,35,WHITE,MALE,46,207,1,1,1
DIR,12/31/2021,52,BRONX,MISSING,WHITE,FEMALE,30,,,,207,1,1,1
DIR,12/31/2021,52,BRONX,YES,WHITE,FEMALE,24,BLACK,MALE,,207,1,1,1
DIR,12/31/2021,52,BRONX,YES,WHITE,FEMALE,,WHITE,MALE,,207,1,1,1
DIR,12/31/2021,52,BRONX,NO,WHITE,FEMALE,45,WHITE,MALE,40,207,1,1,1
DIR,12/31/2021,52,BRONX,YES,WHITE,MALE,53,WHITE,FEMALE,46,207,1,1,1
DIR,12/31/2021,50,BRONX,YES,WHITE,FEMALE,17,WHITE,MALE,,208,,,
DIR,12/31/2021,50,BRONX,NO,,,,,,,208,,,
DIR,12/31/2021,50,BRONX,YES,WHITE,FEMALE,43,WHITE,MALE,46,208,,,
DIR,12/31/2021,50,BRONX,NO,WHITE,FEMALE,,WHITE,FEMALE,,208,,,
DIR,12/31/2021,50,BRONX,NO,,MALE,,,,,208,,,
DIR,12/31/2021,50,BRONX,NO,WHITE,FEMALE,57,WHITE,FEMALE,35,208,,,
DIR,12/31/2021,50,BRONX,YES,WHITE,FEMALE,29,WHITE,MALE,26,208,,,
DIR,12/31/2021,50,BRONX,YES,WHITE,FEMALE,26,BLACK,MALE,29,208,,,
DIR,12/31/2021,43,BRONX,MISSING,,,,,,,209,1,1,1
DIR,12/31/2021,43,BRONX,MISSING,,,,,,,209,1,1,1
DIR,12/31/2021,43,BRONX,MISSING,,,,,,,209,1,1,1
DIR,12/31/2021,43,BRONX,YES,OTHER,FEMALE,34,OTHER,MALE,49,209,1,1,1
DIR,12/31/2021,43,BRONX,NO,WHITE,FEMALE,30,,,,209,1,1,1
DIR,12/31/2021,43,BRONX,NO,WHITE,FEMALE,71,,,,209,1,1,1
DIR,12/31/2021,43,BRONX,YES,WHITE,FEMALE,34,WHITE,MALE,29,209,1,1,1
DIR,12/31/2021,43,BRONX,NO,BLACK,MALE,25,BLACK,FEMALE,44,209,1,1,1
DIR,12/31/2021,43,BRONX,MISSING,OTHER,FEMALE,25,,,,209,1,1,1
DIR,12/31/2021,43,BRONX,MISSING,,,,,,,209,1,1,1
DIR,12/31/2021,43,BRONX,NO,BLACK,FEMALE,28,BLACK,MALE,33,209,1,1,1
DIR,12/31/2021,43,BRONX,NO,WHITE,FEMALE,14,WHITE,MALE,12,209,1,1,1
DIR,12/31/2021,43,BRONX,YES,BLACK,FEMALE,53,BLACK,MALE,40,209,1,1,1
DIR,12/31/2021,43,BRONX,YES,WHITE,FEMALE,26,WHITE,MALE,24,209,1,1,1
DIR,12/31/2021,43,BRONX,NO,WHITE,FEMALE,24,,,,209,1,1,1
DIR,12/31/2021,43,BRONX,NO,BLACK,FEMALE,50,BLACK,MALE,20,209,1,1,1
DIR,12/31/2021,43,BRONX,NO,,,,,,,209,1,1,1
DIR,12/31/2021,43,BRONX,NO,WHITE,MALE,33,WHITE,MALE,34,209,1,1,1
DIR,12/31/2021,43,BRONX,MISSING,BLACK,MALE,35,,,,209,1,1,1
DIR,12/31/2021,43,BRONX,NO,BLACK,MALE,23,WHITE,FEMALE,58,209,1,1,1
DIR,12/31/2021,43,BRONX,YES,WHITE,FEMALE,25,WHITE,MALE,46,209,1,1,1
DIR,12/31/2021,43,BRONX,YES,WHITE,MALE,31,WHITE,FEMALE,41,209,1,1,1
DIR,12/31/2021,43,BRONX,YES,BLACK,FEMALE,30,BLACK,MALE,36,209,1,1,1
DIR,12/31/2021,43,BRONX,YES,BLACK,FEMALE,38,BLACK,MALE,39,209,1,1,1
DIR,12/31/2021,43,BRONX,YES,BLACK,MALE,36,BLACK,FEMALE,30,209,1,1,1
DIR,12/31/2021,43,BRONX,YES,ASIAN / PACIFIC ISLANDER,FEMALE,50,ASIAN / PACIFIC ISLANDER,MALE,55,209,1,1,1
FELONY ASSAULT,12/31/2021,43,BRONX,Yes,ASIAN / PACIFIC ISLANDER,FEMALE,50,ASIAN / PACIFIC ISLANDER,MALE,55,209,1,1,1
DIR,12/31/2021,43,BRONX,YES,BLACK,FEMALE,20,BLACK,MALE,18,209,1,1,1
DIR,12/31/2021,45,BRONX,YES,OTHER,FEMALE,33,OTHER,MALE,31,210,,,
DIR,12/31/2021,45,BRONX,NO,WHITE,FEMALE,80,WHITE,MALE,60,210,,,
DIR,12/31/2021,45,BRONX,NO,WHITE,FEMALE,56,WHITE,MALE,31,210,,,
DIR,12/31/2021,49,BRONX,YES,OTHER,MALE,54,OTHER,FEMALE,,211,,,1
DIR,12/31/2021,49,BRONX,YES,OTHER,FEMALE,21,BLACK,MALE,,211,,,1
DIR,12/31/2021,49,BRONX,NO,OTHER,FEMALE,13,OTHER,MALE,,211,,,1
DIR,12/31/2021,49,BRONX,NO,WHITE,MALE,2,WHITE,MALE,41,211,,,1
DIR,12/31/2021,49,BRONX,MISSING,,,,,,,211,,,1
DIR,12/31/2021,49,BRONX,NO,BLACK,FEMALE,76,BLACK,MALE,58,211,,,1
DIR,12/31/2021,49,BRONX,YES,WHITE,MALE,54,OTHER,FEMALE,,211,,,1
DIR,12/31/2021,49,BRONX,MISSING,,,,,,,211,,,1
DIR,12/31/2021,49,BRONX,MISSING,OTHER,FEMALE,54,,,,211,,,1
DIR,12/31/2021,49,BRONX,NO,WHITE,FEMALE,29,WHITE,MALE,60,211,,,1
DIR,12/31/2021,49,BRONX,YES,WHITE,FEMALE,47,WHITE,MALE,41,211,,,1
DIR,12/31/2021,49,BRONX,MISSING,,,,,,,211,,,1
DIR,12/31/2021,49,BRONX,MISSING,,,,,,,211,,,1
DIR,12/31/2021,49,BRONX,YES,BLACK,FEMALE,40,BLACK,MALE,41,211,,,1
DIR,12/31/2021,49,BRONX,MISSING,OTHER,FEMALE,,,,,211,,,1
DIR,12/31/2021,47,BRONX,NO,BLACK,MALE,39,BLACK,MALE,,212,,,1
DIR,12/31/2021,47,BRONX,YES,BLACK,MALE,59,BLACK,FEMALE,43,212,,,1
DIR,12/31/2021,47,BRONX,NO,OTHER,MALE,57,OTHER,MALE,21,212,,,1
DIR,12/31/2021,47,BRONX,NO,BLACK,FEMALE,47,BLACK,MALE,14,212,,,1
DIR,12/31/2021,47,BRONX,NO,OTHER,FEMALE,46,OTHER,MALE,58,212,,,1
DIR,12/31/2021,47,BRONX,YES,,FEMALE,38,,MALE,42,212,,,1
DIR,12/31/2021,47,BRONX,YES,BLACK,MALE,34,BLACK,FEMALE,33,212,,,1
DIR,12/31/2021,47,BRONX,YES,BLACK,FEMALE,30,BLACK,MALE,37,212,,,1
DIR,12/31/2021,47,BRONX,YES,BLACK,FEMALE,37,BLACK,MALE,39,212,,,1
DIR,12/31/2021,47,BRONX,MISSING,BLACK,FEMALE,44,BLACK,MALE,36,212,,,1
DIR,12/31/2021,47,BRONX,YES,,FEMALE,,,MALE,,212,,,1
DIR,12/31/2021,47,BRONX,YES,,FEMALE,27,BLACK,MALE,,212,,,1
DIR,12/31/2021,47,BRONX,YES,BLACK,MALE,31,WHITE,FEMALE,29,212,,,1
DIR,12/31/2021,47,BRONX,YES,BLACK,FEMALE,29,BLACK,MALE,29,212,,,1
DIR,12/31/2021,47,BRONX,NO,WHITE,MALE,29,WHITE,MALE,26,212,,,1
DIR,12/31/2021,47,BRONX,NO,WHITE,MALE,39,,,,212,,,1
DIR,12/31/2021,47,BRONX,NO,BLACK,MALE,16,BLACK,FEMALE,22,212,,,1
DIR,12/31/2021,47,BRONX,MISSING,,MALE,,,,,212,,,1
DIR,12/31/2021,47,BRONX,YES,,FEMALE,26,,MALE,,212,,,1
DIR,12/31/2021,47,BRONX,NO,BLACK,MALE,56,BLACK,MALE,21,212,,,1
FELONY ASSAULT,12/31/2021,94,BROOKLYN,Yes,WHITE,FEMALE,35,BLACK HISPANIC,MALE,27,301,,,
FELONY ASSAULT,12/31/2021,94,BROOKLYN,No,BLACK HISPANIC,FEMALE,28,,FEMALE,47,301,,,
DIR,12/31/2021,94,BROOKLYN,NO,BLACK,MALE,35,BLACK,FEMALE,22,301,,,
DIR,12/31/2021,90,BROOKLYN,YES,OTHER,FEMALE,23,OTHER,MALE,32,301,,,
DIR,12/31/2021,90,BROOKLYN,YES,BLACK,FEMALE,24,BLACK,MALE,22,301,,,
DIR,12/31/2021,94,BROOKLYN,YES,ASIAN / PACIFIC ISLANDER,FEMALE,33,ASIAN / PACIFIC ISLANDER,MALE,33,301,,,
DIR,12/31/2021,90,BROOKLYN,YES,BLACK,FEMALE,38,BLACK,MALE,41,301,,,
DIR,12/31/2021,94,BROOKLYN,MISSING,,,,,,,301,,,
DIR,12/31/2021,90,BROOKLYN,YES,WHITE,FEMALE,26,WHITE,MALE,27,301,,,
DIR,12/31/2021,90,BROOKLYN,NO,BLACK,FEMALE,53,BLACK,FEMALE,15,301,,,
DIR,12/31/2021,90,BROOKLYN,MISSING,,,,,,,301,,,
DIR,12/31/2021,94,BROOKLYN,YES,BLACK,FEMALE,37,BLACK,MALE,36,301,,,
DIR,12/31/2021,94,BROOKLYN,NO,BLACK,FEMALE,28,BLACK,FEMALE,47,301,,,
DIR,12/31/2021,94,BROOKLYN,MISSING,,,,,,,301,,,
DIR,12/31/2021,78,BROOKLYN,YES,BLACK,FEMALE,20,BLACK,MALE,34,302,,,
DIR,12/31/2021,88,BROOKLYN,YES,BLACK,MALE,,BLACK,FEMALE,,302,,,
DIR,12/31/2021,84,BROOKLYN,YES,WHITE,FEMALE,35,,MALE,,302,,,
DIR,12/31/2021,88,BROOKLYN,YES,BLACK,MALE,52,BLACK,FEMALE,36,302,,,
FELONY ASSAULT,12/31/2021,88,BROOKLYN,Yes,,MALE,,BLACK,FEMALE,36,302,,,
DIR,12/31/2021,88,BROOKLYN,NO,WHITE,FEMALE,31,WHITE,MALE,68,302,,,
DIR,12/31/2021,88,BROOKLYN,MISSING,,,,,,,302,,,
DIR,12/31/2021,88,BROOKLYN,YES,OTHER,FEMALE,34,OTHER,MALE,26,302,,,
DIR,12/31/2021,88,BROOKLYN,YES,BLACK,FEMALE,70,BLACK,MALE,48,302,,,
DIR,12/31/2021,79,BROOKLYN,NO,BLACK,FEMALE,76,BLACK,MALE,30,303,1,1,
DIR,12/31/2021,79,BROOKLYN,NO,BLACK,FEMALE,35,BLACK,MALE,25,303,1,1,
DIR,12/31/2021,79,BROOKLYN,YES,BLACK,FEMALE,22,BLACK,MALE,23,303,1,1,
FELONY ASSAULT,12/31/2021,79,BROOKLYN,No,BLACK,MALE,29,BLACK,MALE,,303,1,1,
DIR,12/31/2021,81,BROOKLYN,YES,BLACK,FEMALE,31,BLACK,MALE,41,303,1,1,
DIR,12/31/2021,81,BROOKLYN,YES,BLACK,MALE,31,BLACK,FEMALE,48,303,1,1,
DIR,12/31/2021,79,BROOKLYN,NO,BLACK,MALE,12,BLACK,MALE,30,303,1,1,
DIR,12/31/2021,79,BROOKLYN,NO,BLACK,FEMALE,56,BLACK,MALE,,303,1,1,
DIR,12/31/2021,79,BROOKLYN,NO,BLACK,MALE,61,BLACK,FEMALE,,303,1,1,
DIR,12/31/2021,79,BROOKLYN,YES,OTHER,FEMALE,,OTHER,MALE,27,303,1,1,
DIR,12/31/2021,79,BROOKLYN,NO,WHITE,FEMALE,50,WHITE,FEMALE,27,303,1,1,
DIR,12/31/2021,79,BROOKLYN,YES,OTHER,FEMALE,,WHITE,MALE,27,303,1,1,
DIR,12/31/2021,79,BROOKLYN,NO,BLACK,FEMALE,23,BLACK,MALE,59,303,1,1,
DIR,12/31/2021,81,BROOKLYN,NO,BLACK,MALE,19,BLACK,MALE,,303,1,1,
DIR,12/31/2021,79,BROOKLYN,YES,BLACK,FEMALE,22,BLACK,FEMALE,22,303,1,1,
DIR,12/31/2021,79,BROOKLYN,MISSING,,,,,,,303,1,1,
DIR,12/31/2021,79,BROOKLYN,NO,BLACK,FEMALE,11,BLACK,MALE,30,303,1,1,
DIR,12/31/2021,79,BROOKLYN,YES,BLACK,FEMALE,35,BLACK,MALE,36,303,1,1,
FELONY ASSAULT,12/31/2021,79,BROOKLYN,No,BLACK,FEMALE,23,BLACK,MALE,59,303,1,1,
DIR,12/31/2021,79,BROOKLYN,NO,BLACK,MALE,29,BLACK,MALE,,303,1,1,
DIR,12/31/2021,79,BROOKLYN,NO,BLACK,MALE,24,BLACK,FEMALE,,303,1,1,
DIR,12/31/2021,81,BROOKLYN,YES,BLACK,MALE,28,BLACK,FEMALE,28,303,1,1,
DIR,12/31/2021,81,BROOKLYN,NO,BLACK,MALE,35,BLACK,MALE,33,303,1,1,
DIR,12/31/2021,81,BROOKLYN,YES,BLACK,FEMALE,28,BLACK,MALE,28,303,1,1,
DIR,12/31/2021,81,BROOKLYN,NO,BLACK,FEMALE,45,BLACK,MALE,47,303,1,1,
FELONY ASSAULT,12/31/2021,81,BROOKLYN,Yes,BLACK,MALE,28,BLACK,FEMALE,,303,1,1,
DIR,12/31/2021,81,BROOKLYN,MISSING,,,,,,,303,1,1,
DIR,12/31/2021,79,BROOKLYN,YES,WHITE,FEMALE,19,WHITE,MALE,20,303,1,1,
DIR,12/31/2021,79,BROOKLYN,YES,BLACK,FEMALE,40,BLACK,MALE,45,303,1,1,
DIR,12/31/2021,81,BROOKLYN,YES,BLACK,FEMALE,56,BLACK,MALE,60,303,1,1,
DIR,12/31/2021,81,BROOKLYN,YES,BLACK,MALE,28,BLACK,FEMALE,,303,1,1,
DIR,12/31/2021,83,BROOKLYN,NO,OTHER,MALE,29,BLACK,MALE,,304,1,1,
DIR,12/31/2021,83,BROOKLYN,NO,BLACK,FEMALE,36,BLACK,MALE,30,304,1,1,
DIR,12/31/2021,83,BROOKLYN,MISSING,,,,,,,304,1,1,
DIR,12/31/2021,83,BROOKLYN,MISSING,,,,,,,304,1,1,
DIR,12/31/2021,83,BROOKLYN,NO,OTHER,FEMALE,,OTHER,MALE,,304,1,1,
DIR,12/31/2021,83,BROOKLYN,NO,OTHER,FEMALE,,OTHER,MALE,,304,1,1,
DIR,12/31/2021,83,BROOKLYN,YES,WHITE,FEMALE,31,BLACK,MALE,35,304,1,1,
DIR,12/31/2021,83,BROOKLYN,MISSING,,,,,,,304,1,1,
DIR,12/31/2021,83,BROOKLYN,YES,WHITE,FEMALE,33,WHITE,MALE,34,304,1,1,
DIR,12/31/2021,83,BROOKLYN,NO,BLACK,MALE,34,BLACK,FEMALE,72,304,1,1,
DIR,12/31/2021,83,BROOKLYN,YES,BLACK,FEMALE,34,BLACK,MALE,39,304,1,1,
DIR,12/31/2021,83,BROOKLYN,MISSING,,,,,,,304,1,1,
DIR,12/31/2021,83,BROOKLYN,YES,WHITE,FEMALE,,ASIAN / PACIFIC ISLANDER,MALE,,304,1,1,
DIR,12/31/2021,75,BROOKLYN,YES,WHITE,FEMALE,31,WHITE,MALE,31,305,1,1,
DIR,12/31/2021,75,BROOKLYN,NO,BLACK,FEMALE,69,BLACK,MALE,67,305,1,1,
DIR,12/31/2021,75,BROOKLYN,NO,WHITE,FEMALE,17,BLACK,FEMALE,36,305,1,1,
DIR,12/31/2021,75,BROOKLYN,YES,OTHER,FEMALE,24,OTHER,MALE,33,305,1,1,
DIR,12/31/2021,75,BROOKLYN,YES,BLACK,FEMALE,57,BLACK,MALE,64,305,1,1,
DIR,12/31/2021,75,BROOKLYN,NO,BLACK,FEMALE,52,BLACK,FEMALE,22,305,1,1,
DIR,12/31/2021,75,BROOKLYN,NO,BLACK,FEMALE,17,BLACK,FEMALE,36,305,1,1,
DIR,12/31/2021,75,BROOKLYN,YES,BLACK,MALE,47,BLACK,FEMALE,,305,1,1,
FELONY ASSAULT,12/31/2021,75,BROOKLYN,Yes,,FEMALE,,BLACK,MALE,33,305,1,1,
DIR,12/31/2021,75,BROOKLYN,YES,BLACK,FEMALE,27,BLACK,MALE,36,305,1,1,
DIR,12/31/2021,75,BROOKLYN,NO,BLACK,FEMALE,57,,,,305,1,1,
DIR,12/31/2021,75,BROOKLYN,MISSING,,,,,,,305,1,1,
DIR,12/31/2021,75,BROOKLYN,YES,BLACK,FEMALE,39,BLACK,MALE,40,305,1,1,
DIR,12/31/2021,75,BROOKLYN,YES,BLACK,FEMALE,66,BLACK,MALE,58,305,1,1,
DIR,12/31/2021,75,BROOKLYN,YES,WHITE,FEMALE,23,WHITE,MALE,27,305,1,1,
DIR,12/31/2021,75,BROOKLYN,YES,BLACK,FEMALE,35,BLACK,MALE,41,305,1,1,
DIR,12/31/2021,75,BROOKLYN,NO,BLACK,MALE,51,BLACK,MALE,33,305,1,1,
DIR,12/31/2021,75,BROOKLYN,NO,BLACK,FEMALE,21,BLACK,MALE,65,305,1,1,
DIR,12/31/2021,75,BROOKLYN,MISSING,,,,,,,305,1,1,
DIR,12/31/2021,75,BROOKLYN,YES,BLACK,MALE,,BLACK,FEMALE,,305,1,1,
DIR,12/31/2021,75,BROOKLYN,MISSING,,FEMALE,,,,,305,1,1,
DIR,12/31/2021,75,BROOKLYN,YES,BLACK,FEMALE,54,BLACK,MALE,62,305,1,1,
DIR,12/31/2021,75,BROOKLYN,YES,OTHER,MALE,48,WHITE,FEMALE,43,305,1,1,
DIR,12/31/2021,75,BROOKLYN,YES,WHITE,MALE,48,WHITE,FEMALE,43,305,1,1,
DIR,12/31/2021,75,BROOKLYN,YES,BLACK,FEMALE,,,,,305,1,1,
DIR,12/31/2021,75,BROOKLYN,NO,BLACK,MALE,,BLACK,FEMALE,,305,1,1,
DIR,12/31/2021,75,BROOKLYN,NO,BLACK,FEMALE,34,BLACK,FEMALE,14,305,1,1,
FELONY ASSAULT,12/31/2021,75,BROOKLYN,No,BLACK,FEMALE,36,BLACK,MALE,33,305,1,1,
DIR,12/31/2021,75,BROOKLYN,YES,BLACK,FEMALE,27,BLACK,MALE,28,305,1,1,
DIR,12/31/2021,75,BROOKLYN,YES,ASIAN / PACIFIC ISLANDER,FEMALE,51,ASIAN / PACIFIC ISLANDER,MALE,52,305,1,1,
DIR,12/31/2021,75,BROOKLYN,YES,,,,OTHER,MALE,,305,1,1,
DIR,12/31/2021,75,BROOKLYN,YES,BLACK,FEMALE,36,BLACK,MALE,33,305,1,1,
DIR,12/31/2021,76,BROOKLYN,NO,WHITE,FEMALE,62,WHITE,FEMALE,35,306,,,
DIR,12/31/2021,76,BROOKLYN,YES,BLACK,FEMALE,52,BLACK,MALE,53,306,,,
DIR,12/31/2021,76,BROOKLYN,NO,BLACK,MALE,22,BLACK,MALE,24,306,,,
DIR,12/31/2021,76,BROOKLYN,YES,WHITE,MALE,54,WHITE,FEMALE,53,306,,,
DIR,12/31/2021,78,BROOKLYN,MISSING,,,,,,,306,,,
DIR,12/31/2021,76,BROOKLYN,YES,BLACK,FEMALE,52,BLACK,MALE,53,306,,,
DIR,12/31/2021,72,BROOKLYN,MISSING,,,,,,,307,,,
DIR,12/31/2021,72,BROOKLYN,YES,WHITE,MALE,34,WHITE,FEMALE,43,307,,,
DIR,12/31/2021,72,BROOKLYN,YES,BLACK,MALE,28,BLACK,FEMALE,28,307,,,
DIR,12/31/2021,72,BROOKLYN,MISSING,,,,,,,307,,,
DIR,12/31/2021,72,BROOKLYN,MISSING,,,,,,,307,,,
DIR,12/31/2021,72,BROOKLYN,NO,BLACK,MALE,17,BLACK,MALE,33,307,,,
DIR,12/31/2021,72,BROOKLYN,YES,WHITE,FEMALE,30,WHITE,MALE,46,307,,,
DIR,12/31/2021,77,BROOKLYN,YES,WHITE,FEMALE,41,ASIAN / PACIFIC ISLANDER,MALE,45,308,,,
FELONY ASSAULT,12/31/2021,77,BROOKLYN,Yes,BLACK,MALE,46,BLACK,FEMALE,40,308,,,
DIR,12/31/2021,77,BROOKLYN,YES,BLACK,MALE,46,BLACK,FEMALE,40,308,,,
DIR,12/31/2021,77,BROOKLYN,YES,BLACK,FEMALE,40,BLACK,MALE,46,308,,,
DIR,12/31/2021,77,BROOKLYN,NO,BLACK,MALE,,BLACK,MALE,26,308,,,
DIR,12/31/2021,77,BROOKLYN,MISSING,BLACK,MALE,7,,,,308,,,
DIR,12/31/2021,77,BROOKLYN,NO,BLACK,FEMALE,26,BLACK,FEMALE,55,308,,,
DIR,12/31/2021,77,BROOKLYN,NO,BLACK,FEMALE,,BLACK,FEMALE,55,308,,,
DIR,12/31/2021,77,BROOKLYN,YES,BLACK,FEMALE,34,BLACK,MALE,38,308,,,
DIR,12/31/2021,77,BROOKLYN,NO,BLACK,FEMALE,51,BLACK,FEMALE,31,308,,,
DIR,12/31/2021,77,BROOKLYN,YES,BLACK,FEMALE,64,BLACK,MALE,,308,,,
DIR,12/31/2021,77,BROOKLYN,YES,OTHER,FEMALE,32,BLACK,MALE,40,308,,,
DIR,12/31/2021,77,BROOKLYN,NO,BLACK,MALE,74,BLACK,MALE,25,308,,,
DIR,12/31/2021,71,BROOKLYN,NO,BLACK,,,OTHER,,,309,,,
FELONY ASSAULT,12/31/2021,71,BROOKLYN,Yes,BLACK,FEMALE,23,BLACK,MALE,57,309,,,
DIR,12/31/2021,71,BROOKLYN,NO,BLACK,MALE,80,BLACK,MALE,30,309,,,
DIR,12/31/2021,71,BROOKLYN,YES,BLACK,MALE,44,BLACK,FEMALE,37,309,,,
DIR,12/31/2021,71,BROOKLYN,NO,BLACK,FEMALE,42,BLACK,MALE,12,309,,,
DIR,12/31/2021,71,BROOKLYN,YES,BLACK,MALE,57,WHITE,FEMALE,23,309,,,
DIR,12/31/2021,71,BROOKLYN,YES,BLACK,FEMALE,37,BLACK,MALE,44,309,,,
FELONY ASSAULT,12/31/2021,71,BROOKLYN,Yes,BLACK,FEMALE,37,BLACK,MALE,44,309,,,
DIR,12/31/2021,71,BROOKLYN,YES,WHITE,FEMALE,23,WHITE,MALE,57,309,,,
DIR,12/31/2021,68,BROOKLYN,YES,WHITE,FEMALE,36,WHITE,MALE,36,310,,,
DIR,12/31/2021,68,BROOKLYN,YES,ASIAN / PACIFIC ISLANDER,MALE,74,ASIAN / PACIFIC ISLANDER,FEMALE,57,310,,,
DIR,12/31/2021,62,BROOKLYN,MISSING,,,,,,,311,,,
DIR,12/31/2021,62,BROOKLYN,MISSING,WHITE,FEMALE,19,,,,311,,,
DIR,12/31/2021,62,BROOKLYN,YES,,,,,,,311,,,
DIR,12/31/2021,62,BROOKLYN,NO,WHITE,FEMALE,57,WHITE,FEMALE,,311,,,
DIR,12/31/2021,62,BROOKLYN,YES,WHITE,MALE,33,OTHER,FEMALE,29,311,,,
DIR,12/31/2021,62,BROOKLYN,MISSING,,,,,,,311,,,
DIR,12/31/2021,62,BROOKLYN,YES,WHITE,FEMALE,35,WHITE,MALE,35,311,,,
DIR,12/31/2021,62,BROOKLYN,NO,AMERICAN INDIAN/ALASKAN NATIVE,FEMALE,41,AMERICAN INDIAN/ALASKAN NATIVE,FEMALE,49,311,,,
DIR,12/31/2021,66,BROOKLYN,NO,OTHER,FEMALE,30,OTHER,MALE,33,312,1,1,
DIR,12/31/2021,66,BROOKLYN,NO,WHITE,FEMALE,25,WHITE,MALE,,312,1,1,
DIR,12/31/2021,66,BROOKLYN,NO,WHITE,MALE,39,WHITE,MALE,35,312,1,1,
DIR,12/31/2021,66,BROOKLYN,NO,,FEMALE,,WHITE,MALE,38,312,1,1,
DIR,12/31/2021,66,BROOKLYN,MISSING,,,,,,,312,1,1,
DIR,12/31/2021,66,BROOKLYN,NO,BLACK,MALE,40,BLACK,MALE,32,312,1,1,
DIR,12/31/2021,66,BROOKLYN,YES,WHITE,MALE,,BLACK,FEMALE,,312,1,1,
DIR,12/31/2021,66,BROOKLYN,MISSING,,,,,,,312,1,1,
DIR,12/31/2021,60,BROOKLYN,YES,ASIAN / PACIFIC ISLANDER,FEMALE,27,ASIAN / PACIFIC ISLANDER,MALE,36,313,,1,
DIR,12/31/2021,60,BROOKLYN,YES,WHITE,FEMALE,,WHITE,MALE,36,313,,1,
DIR,12/31/2021,60,BROOKLYN,YES,BLACK,FEMALE,23,WHITE,MALE,,313,,1,
DIR,12/31/2021,60,BROOKLYN,MISSING,,,,,,,313,,1,
DIR,12/31/2021,60,BROOKLYN,NO,BLACK,MALE,44,BLACK,MALE,,313,,1,
DIR,12/31/2021,60,BROOKLYN,NO,BLACK,MALE,9,BLACK,MALE,42,313,,1,
DIR,12/31/2021,60,BROOKLYN,YES,WHITE,FEMALE,28,WHITE,MALE,36,313,,1,
DIR,12/31/2021,60,BROOKLYN,NO,BLACK,FEMALE,58,BLACK,MALE,26,313,,1,
DIR,12/31/2021,70,BROOKLYN,YES,BLACK,FEMALE,25,BLACK,MALE,,314,,,
DIR,12/31/2021,70,BROOKLYN,YES,WHITE,FEMALE,32,WHITE,FEMALE,35,314,,,
DIR,12/31/2021,70,BROOKLYN,NO,WHITE,FEMALE,26,WHITE,MALE,57,314,,,
DIR,12/31/2021,70,BROOKLYN,MISSING,,,,,,,314,,,
DIR,12/31/2021,70,BROOKLYN,NO,WHITE,MALE,3,WHITE,FEMALE,25,314,,,
DIR,12/31/2021,70,BROOKLYN,NO,BLACK,MALE,19,BLACK,FEMALE,21,314,,,
FELONY ASSAULT,12/31/2021,70,BROOKLYN,Yes,WHITE,FEMALE,32,,,,314,,,
DIR,12/31/2021,70,BROOKLYN,YES,BLACK,MALE,25,WHITE,FEMALE,25,314,,,
DIR,12/31/2021,70,BROOKLYN,YES,WHITE,FEMALE,56,WHITE,MALE,52,314,,,
DIR,12/31/2021,61,BROOKLYN,MISSING,,,,,,,315,,,
DIR,12/31/2021,61,BROOKLYN,NO,WHITE,FEMALE,96,WHITE,MALE,71,315,,,
DIR,12/31/2021,61,BROOKLYN,NO,BLACK,FEMALE,32,OTHER,MALE,,315,,,
DIR,12/31/2021,61,BROOKLYN,NO,WHITE,FEMALE,63,WHITE,FEMALE,63,315,,,
DIR,12/31/2021,61,BROOKLYN,YES,BLACK,MALE,29,BLACK,FEMALE,27,315,,,
DIR,12/31/2021,61,BROOKLYN,YES,BLACK,FEMALE,34,BLACK,MALE,59,315,,,
DIR,12/31/2021,61,BROOKLYN,YES,BLACK,MALE,41,BLACK,FEMALE,38,315,,,
DIR,12/31/2021,61,BROOKLYN,YES,WHITE,FEMALE,47,WHITE,MALE,51,315,,,
DIR,12/31/2021,61,BROOKLYN,YES,BLACK,MALE,44,BLACK,FEMALE,47,315,,,
DIR,12/31/2021,61,BROOKLYN,NO,BLACK,FEMALE,31,,MALE,,315,,,
DIR,12/31/2021,73,BROOKLYN,MISSING,,,,,,,316,1,1,1
DIR,12/31/2021,73,BROOKLYN,MISSING,,,,,,,316,1,1,1
DIR,12/31/2021,73,BROOKLYN,NO,BLACK,FEMALE,14,BLACK,MALE,,316,1,1,1
DIR,12/31/2021,73,BROOKLYN,MISSING,,,,,,,316,1,1,1
DIR,12/31/2021,73,BROOKLYN,NO,BLACK,FEMALE,48,BLACK,FEMALE,21,316,1,1,1
DIR,12/31/2021,73,BROOKLYN,YES,BLACK,FEMALE,33,BLACK,MALE,35,316,1,1,1
DIR,12/31/2021,73,BROOKLYN,MISSING,BLACK,FEMALE,,,,,316,1,1,1
DIR,12/31/2021,73,BROOKLYN,NO,BLACK,FEMALE,25,BLACK,MALE,34,316,1,1,1
DIR,12/31/2021,73,BROOKLYN,YES,WHITE,FEMALE,33,OTHER,MALE,40,316,1,1,1
DIR,12/31/2021,73,BROOKLYN,YES,BLACK,FEMALE,48,BLACK,MALE,44,316,1,1,1
DIR,12/31/2021,73,BROOKLYN,YES,BLACK,MALE,38,BLACK,FEMALE,38,316,1,1,1
DIR,12/31/2021,73,BROOKLYN,YES,BLACK,FEMALE,30,BLACK,MALE,30,316,1,1,1
DIR,12/31/2021,73,BROOKLYN,YES,OTHER,FEMALE,46,OTHER,MALE,42,316,1,1,1
FELONY ASSAULT,12/31/2021,73,BROOKLYN,Yes,BLACK,FEMALE,34,BLACK,MALE,40,316,1,1,1
FELONY ASSAULT,12/31/2021,73,BROOKLYN,No,BLACK,FEMALE,48,,,,316,1,1,1
DIR,12/31/2021,73,BROOKLYN,NO,BLACK,FEMALE,21,BLACK,FEMALE,48,316,1,1,1
DIR,12/31/2021,73,BROOKLYN,NO,BLACK,FEMALE,,BLACK,FEMALE,,316,1,1,1
DIR,12/31/2021,73,BROOKLYN,MISSING,,,,,,,316,1,1,1
DIR,12/31/2021,73,BROOKLYN,MISSING,BLACK,MALE,54,BLACK,MALE,30,316,1,1,1
DIR,12/31/2021,73,BROOKLYN,MISSING,,,,,,,316,1,1,1
DIR,12/31/2021,67,BROOKLYN,YES,BLACK,FEMALE,35,BLACK,MALE,,317,,,
DIR,12/31/2021,67,BROOKLYN,NO,BLACK,MALE,35,BLACK,MALE,43,317,,,
DIR,12/31/2021,67,BROOKLYN,YES,OTHER,FEMALE,30,BLACK,MALE,32,317,,,
DIR,12/31/2021,67,BROOKLYN,YES,BLACK,MALE,49,BLACK,FEMALE,64,317,,,
DIR,12/31/2021,67,BROOKLYN,YES,WHITE,FEMALE,28,OTHER,MALE,31,317,,,
DIR,12/31/2021,67,BROOKLYN,NO,BLACK,FEMALE,36,BLACK,FEMALE,17,317,,,
DIR,12/31/2021,67,BROOKLYN,YES,BLACK,FEMALE,34,BLACK,MALE,33,317,,,
DIR,12/31/2021,67,BROOKLYN,NO,BLACK,FEMALE,68,BLACK,MALE,51,317,,,
DIR,12/31/2021,67,BROOKLYN,NO,BLACK,FEMALE,19,BLACK,MALE,,317,,,
DIR,12/31/2021,67,BROOKLYN,YES,BLACK,MALE,40,BLACK,FEMALE,,317,,,
FELONY ASSAULT,12/31/2021,67,BROOKLYN,Yes,BLACK,FEMALE,25,,,,317,,,
DIR,12/31/2021,67,BROOKLYN,YES,BLACK,FEMALE,41,BLACK,MALE,64,317,,,
DIR,12/31/2021,67,BROOKLYN,YES,BLACK,MALE,,BLACK,MALE,,317,,,
FELONY ASSAULT,12/31/2021,67,BROOKLYN,Yes,BLACK,FEMALE,42,BLACK,MALE,,317,,,
DIR,12/31/2021,67,BROOKLYN,YES,BLACK,FEMALE,42,BLACK,MALE,,317,,,
FELONY ASSAULT,12/31/2021,67,BROOKLYN,No,BLACK,FEMALE,19,BLACK,MALE,45,317,,,
DIR,12/31/2021,67,BROOKLYN,YES,BLACK,FEMALE,38,BLACK,MALE,26,317,,,
DIR,12/31/2021,67,BROOKLYN,YES,BLACK,MALE,42,BLACK,FEMALE,41,317,,,
DIR,12/31/2021,67,BROOKLYN,YES,BLACK,FEMALE,38,BLACK,MALE,,317,,,
DIR,12/31/2021,67,BROOKLYN,YES,BLACK,FEMALE,29,BLACK,MALE,41,317,,,
FELONY ASSAULT,12/31/2021,67,BROOKLYN,No,BLACK,MALE,35,BLACK,MALE,43,317,,,
DIR,12/31/2021,67,BROOKLYN,NO,BLACK,MALE,15,BLACK,MALE,53,317,,,
DIR,12/31/2021,67,BROOKLYN,YES,BLACK,FEMALE,28,BLACK,MALE,39,317,,,
DIR,12/31/2021,67,BROOKLYN,YES,BLACK,FEMALE,,BLACK,MALE,32,317,,,
DIR,12/31/2021,67,BROOKLYN,YES,BLACK,FEMALE,46,BLACK,MALE,42,317,,,
DIR,12/31/2021,67,BROOKLYN,YES,BLACK,FEMALE,19,BLACK,MALE,21,317,,,
DIR,12/31/2021,67,BROOKLYN,YES,BLACK,FEMALE,25,BLACK,MALE,56,317,,,
DIR,12/31/2021,67,BROOKLYN,YES,BLACK,MALE,60,BLACK,FEMALE,,317,,,
DIR,12/31/2021,69,BROOKLYN,YES,BLACK,FEMALE,57,BLACK,MALE,64,318,,,
DIR,12/31/2021,69,BROOKLYN,YES,BLACK,FEMALE,34,BLACK,MALE,37,318,,,
DIR,12/31/2021,69,BROOKLYN,YES,BLACK,FEMALE,41,OTHER,MALE,,318,,,
DIR,12/31/2021,69,BROOKLYN,YES,BLACK,MALE,49,BLACK,FEMALE,52,318,,,
DIR,12/31/2021,69,BROOKLYN,YES,BLACK,FEMALE,55,BLACK,MALE,65,318,,,
DIR,12/31/2021,63,BROOKLYN,YES,BLACK,FEMALE,38,BLACK,MALE,34,318,,,
DIR,12/31/2021,63,BROOKLYN,NO,BLACK,FEMALE,64,BLACK,FEMALE,31,318,,,
DIR,12/31/2021,69,BROOKLYN,NO,BLACK,FEMALE,21,BLACK,FEMALE,54,318,,,
DIR,12/31/2021,69,BROOKLYN,NO,BLACK,MALE,29,BLACK,MALE,,318,,,
DIR,12/31/2021,69,BROOKLYN,YES,BLACK,FEMALE,20,BLACK,MALE,25,318,,,
DIR,12/31/2021,69,BROOKLYN,MISSING,,,,,,,318,,,
DIR,12/31/2021,1,MANHATTAN,NO,WHITE,FEMALE,38,WHITE,FEMALE,10,101,,,
DIR,12/31/2021,1,MANHATTAN,YES,WHITE,FEMALE,35,WHITE,MALE,,101,,,
DIR,12/31/2021,1,MANHATTAN,MISSING,,,,OTHER,MALE,,101,,,
DIR,12/31/2021,1,MANHATTAN,YES,WHITE,FEMALE,35,WHITE,MALE,32,101,,,
DIR,12/31/2021,1,MANHATTAN,MISSING,,,,,,,101,,,
DIR,12/31/2021,1,MANHATTAN,YES,,FEMALE,,,MALE,,101,,,
DIR,12/31/2021,1,MANHATTAN,YES,WHITE,MALE,32,,FEMALE,,102,,,
DIR,12/31/2021,1,MANHATTAN,YES,BLACK,FEMALE,21,OTHER,MALE,23,102,,,
DIR,12/31/2021,13,MANHATTAN,YES,BLACK,FEMALE,32,BLACK,MALE,,102,,,
DIR,12/31/2021,5,MANHATTAN,MISSING,,,,,,,103,1,1,
DIR,12/31/2021,7,MANHATTAN,YES,ASIAN / PACIFIC ISLANDER,FEMALE,22,ASIAN / PACIFIC ISLANDER,MALE,21,103,1,1,
DIR,12/31/2021,7,MANHATTAN,YES,BLACK,FEMALE,57,OTHER,MALE,,103,1,1,
DIR,12/31/2021,9,MANHATTAN,NO,WHITE,FEMALE,49,OTHER,MALE,,103,1,1,
DIR,12/31/2021,7,MANHATTAN,NO,WHITE,FEMALE,30,WHITE,FEMALE,,103,1,1,
DIR,12/31/2021,7,MANHATTAN,YES,BLACK,FEMALE,,,MALE,,103,1,1,
DIR,12/31/2021,5,MANHATTAN,NO,BLACK,FEMALE,,BLACK,MALE,,103,1,1,
DIR,12/31/2021,7,MANHATTAN,NO,OTHER,FEMALE,,OTHER,MALE,,103,1,1,
DIR,12/31/2021,9,MANHATTAN,NO,WHITE,FEMALE,51,BLACK,MALE,,103,1,1,
DIR,12/31/2021,7,MANHATTAN,NO,WHITE,MALE,76,OTHER,MALE,34,103,1,1,
DIR,12/31/2021,9,MANHATTAN,YES,WHITE,FEMALE,30,WHITE,MALE,37,103,1,1,
DIR,12/31/2021,7,MANHATTAN,YES,BLACK,FEMALE,65,BLACK,MALE,51,103,1,1,
DIR,12/31/2021,7,MANHATTAN,YES,ASIAN / PACIFIC ISLANDER,FEMALE,28,OTHER,MALE,48,103,1,1,
DIR,12/31/2021,5,MANHATTAN,YES,BLACK,MALE,36,BLACK,FEMALE,34,103,1,1,
DIR,12/31/2021,5,MANHATTAN,NO,WHITE,MALE,18,WHITE,FEMALE,37,103,1,1,
DIR,12/31/2021,5,MANHATTAN,NO,WHITE,FEMALE,47,WHITE,FEMALE,16,103,1,1,
DIR,12/31/2021,14,MANHATTAN,YES,BLACK,FEMALE,23,BLACK,MALE,34,104,,,
DIR,12/31/2021,10,MANHATTAN,NO,BLACK,MALE,39,BLACK,MALE,22,104,,,
DIR,12/31/2021,10,MANHATTAN,NO,OTHER,MALE,57,WHITE,FEMALE,,104,,,
DIR,12/31/2021,18,MANHATTAN,YES,WHITE,MALE,30,WHITE,FEMALE,29,104,,,
DIR,12/31/2021,13,MANHATTAN,YES,BLACK,FEMALE,27,BLACK,MALE,24,105,,,
DIR,12/31/2021,14,MANHATTAN,YES,WHITE,FEMALE,30,WHITE,MALE,39,105,,,
DIR,12/31/2021,14,MANHATTAN,NO,OTHER,FEMALE,28,OTHER,MALE,26,105,,,
DIR,12/31/2021,17,MANHATTAN,YES,WHITE,MALE,65,WHITE,FEMALE,62,106,,,
DIR,12/31/2021,17,MANHATTAN,YES,OTHER,MALE,35,OTHER,FEMALE,27,106,,,
DIR,12/31/2021,13,MANHATTAN,YES,BLACK,FEMALE,46,BLACK,MALE,50,106,,,
DIR,12/31/2021,13,MANHATTAN,YES,OTHER,FEMALE,32,OTHER,MALE,35,106,,,
DIR,12/31/2021,20,MANHATTAN,YES,BLACK,FEMALE,27,BLACK,MALE,35,107,,,
DIR,12/31/2021,24,MANHATTAN,YES,WHITE,FEMALE,57,WHITE,MALE,49,107,,,
DIR,12/31/2021,20,MANHATTAN,NO,WHITE,MALE,63,WHITE,FEMALE,16,107,,,
DIR,12/31/2021,24,MANHATTAN,MISSING,BLACK,FEMALE,,,,,107,,,
DIR,12/31/2021,24,MANHATTAN,NO,WHITE,FEMALE,75,BLACK,MALE,21,107,,,
DIR,12/31/2021,24,MANHATTAN,NO,WHITE,FEMALE,62,WHITE,FEMALE,20,107,,,
DIR,12/31/2021,19,MANHATTAN,YES,WHITE,FEMALE,28,WHITE,MALE,28,108,,,
DIR,12/31/2021,19,MANHATTAN,NO,WHITE,FEMALE,,WHITE,FEMALE,,108,,,
DIR,12/31/2021,19,MANHATTAN,MISSING,,,,,,,108,,,
DIR,12/31/2021,26,MANHATTAN,NO,BLACK,FEMALE,,BLACK,MALE,,109,,,
DIR,12/31/2021,26,MANHATTAN,NO,BLACK,FEMALE,,WHITE,MALE,,109,,,
DIR,12/31/2021,30,MANHATTAN,YES,WHITE,MALE,,OTHER,MALE,,109,,,
DIR,12/31/2021,26,MANHATTAN,YES,WHITE,FEMALE,20,WHITE,MALE,25,109,,,
FELONY ASSAULT,12/31/2021,26,MANHATTAN,Yes,BLACK,MALE,31,BLACK,MALE,17,109,,,
FELONY ASSAULT,12/31/2021,26,MANHATTAN,Yes,BLACK,MALE,31,BLACK,MALE,17,109,,,
DIR,12/31/2021,26,MANHATTAN,MISSING,BLACK,MALE,,,,,109,,,
DIR,12/31/2021,30,MANHATTAN,NO,WHITE,MALE,58,WHITE,MALE,30,109,,,
DIR,12/31/2021,30,MANHATTAN,NO,BLACK,FEMALE,40,BLACK,FEMALE,17,109,,,
DIR,12/31/2021,32,MANHATTAN,YES,WHITE,FEMALE,24,BLACK,MALE,24,110,1,1,1
DIR,12/31/2021,32,MANHATTAN,YES,BLACK,FEMALE,21,BLACK,MALE,25,110,1,1,1
DIR,12/31/2021,32,MANHATTAN,NO,BLACK,FEMALE,34,BLACK,MALE,38,110,1,1,1
DIR,12/31/2021,28,MANHATTAN,NO,BLACK,FEMALE,93,BLACK,FEMALE,63,110,1,1,1
DIR,12/31/2021,28,MANHATTAN,NO,BLACK,FEMALE,70,BLACK,FEMALE,18,110,1,1,1
DIR,12/31/2021,32,MANHATTAN,YES,BLACK,FEMALE,32,BLACK,MALE,41,110,1,1,1
DIR,12/31/2021,32,MANHATTAN,YES,BLACK,FEMALE,18,BLACK,MALE,36,110,1,1,1
DIR,12/31/2021,32,MANHATTAN,YES,BLACK,FEMALE,60,BLACK,MALE,53,110,1,1,1
DIR,12/31/2021,32,MANHATTAN,YES,BLACK,FEMALE,,BLACK,MALE,42,110,1,1,1
DIR,12/31/2021,32,MANHATTAN,NO,BLACK,FEMALE,80,BLACK,FEMALE,51,110,1,1,1
DIR,12/31/2021,32,MANHATTAN,NO,BLACK,FEMALE,54,BLACK,FEMALE,27,110,1,1,1
DIR,12/31/2021,32,MANHATTAN,YES,BLACK,FEMALE,24,BLACK,MALE,,110,1,1,1
DIR,12/31/2021,32,MANHATTAN,NO,BLACK,FEMALE,26,BLACK,MALE,34,110,1,1,1
DIR,12/31/2021,32,MANHATTAN,YES,BLACK,FEMALE,34,BLACK,MALE,29,110,1,1,1
DIR,12/31/2021,32,MANHATTAN,YES,WHITE,FEMALE,,BLACK,MALE,,110,1,1,1
DIR,12/31/2021,32,MANHATTAN,NO,BLACK,MALE,2,BLACK,MALE,36,110,1,1,1
DIR,12/31/2021,32,MANHATTAN,YES,BLACK,FEMALE,60,BLACK,MALE,56,110,1,1,1
DIR,12/31/2021,32,MANHATTAN,YES,BLACK,FEMALE,33,BLACK,MALE,43,110,1,1,1
DIR,12/31/2021,23,MANHATTAN,NO,BLACK,MALE,10,BLACK,FEMALE,39,111,1,1,1
DIR,12/31/2021,23,MANHATTAN,YES,BLACK,FEMALE,28,BLACK,MALE,31,111,1,1,1
DIR,12/31/2021,23,MANHATTAN,NO,ASIAN / PACIFIC ISLANDER,FEMALE,48,ASIAN / PACIFIC ISLANDER,MALE,,111,1,1,1
DIR,12/31/2021,23,MANHATTAN,NO,BLACK,FEMALE,37,BLACK,FEMALE,53,111,1,1,1
DIR,12/31/2021,23,MANHATTAN,YES,BLACK,MALE,31,WHITE,FEMALE,32,111,1,1,1
DIR,12/31/2021,25,MANHATTAN,NO,WHITE,MALE,20,BLACK,MALE,35,111,1,1,1
FELONY ASSAULT,12/31/2021,25,MANHATTAN,No,BLACK HISPANIC,FEMALE,45,BLACK HISPANIC,FEMALE,20,111,1,1,1
DIR,12/31/2021,23,MANHATTAN,YES,WHITE,FEMALE,32,BLACK,MALE,31,111,1,1,1
DIR,12/31/2021,23,MANHATTAN,YES,OTHER,FEMALE,17,OTHER,MALE,19,111,1,1,1
DIR,12/31/2021,25,MANHATTAN,NO,BLACK,FEMALE,34,BLACK,MALE,38,111,1,1,1
DIR,12/31/2021,23,MANHATTAN,NO,BLACK,FEMALE,28,BLACK,MALE,27,111,1,1,1
DIR,12/31/2021,23,MANHATTAN,MISSING,,,,,,,111,1,1,1
DIR,12/31/2021,25,MANHATTAN,NO,BLACK,FEMALE,38,BLACK,MALE,18,111,1,1,1
DIR,12/31/2021,25,MANHATTAN,NO,BLACK,FEMALE,34,BLACK,MALE,38,111,1,1,1
DIR,12/31/2021,23,MANHATTAN,MISSING,,,,,,,111,1,1,1
DIR,12/31/2021,25,MANHATTAN,NO,,MALE,,,FEMALE,,111,1,1,1
DIR,12/31/2021,25,MANHATTAN,NO,BLACK,FEMALE,59,BLACK,MALE,21,111,1,1,1
DIR,12/31/2021,25,MANHATTAN,NO,BLACK,FEMALE,,OTHER,MALE,,111,1,1,1
DIR,12/31/2021,25,MANHATTAN,YES,WHITE,FEMALE,30,WHITE,MALE,20,111,1,1,1
DIR,12/31/2021,23,MANHATTAN,NO,BLACK,FEMALE,82,BLACK,FEMALE,22,111,1,1,1
DIR,12/31/2021,23,MANHATTAN,YES,BLACK,MALE,27,WHITE,FEMALE,25,111,1,1,1
DIR,12/31/2021,23,MANHATTAN,YES,OTHER,MALE,19,OTHER,FEMALE,17,111,1,1,1
DIR,12/31/2021,23,MANHATTAN,NO,WHITE,MALE,72,WHITE,MALE,42,111,1,1,1
DIR,12/31/2021,25,MANHATTAN,NO,WHITE,FEMALE,45,WHITE,FEMALE,20,111,1,1,1
DIR,12/31/2021,25,MANHATTAN,NO,BLACK,MALE,,BLACK,FEMALE,,111,1,1,1
DIR,12/31/2021,23,MANHATTAN,YES,BLACK,FEMALE,25,ASIAN / PACIFIC ISLANDER,MALE,33,111,1,1,1
DIR,12/31/2021,25,MANHATTAN,YES,WHITE,MALE,41,BLACK,FEMALE,43,111,1,1,1
DIR,12/31/2021,34,MANHATTAN,NO,WHITE,MALE,21,WHITE,MALE,24,112,,,1
DIR,12/31/2021,34,MANHATTAN,NO,WHITE,FEMALE,35,WHITE,MALE,14,112,,,1
DIR,12/31/2021,34,MANHATTAN,NO,BLACK,FEMALE,55,BLACK,MALE,32,112,,,1
DIR,12/31/2021,33,MANHATTAN,YES,WHITE,FEMALE,41,WHITE,MALE,38,112,,,1
DIR,12/31/2021,34,MANHATTAN,NO,WHITE,MALE,28,WHITE,MALE,,112,,,1
DIR,12/31/2021,33,MANHATTAN,NO,OTHER,FEMALE,60,OTHER,FEMALE,,112,,,1
DIR,12/31/2021,34,MANHATTAN,NO,BLACK,FEMALE,89,BLACK,MALE,28,112,,,1
DIR,12/31/2021,33,MANHATTAN,YES,WHITE,FEMALE,47,WHITE,MALE,58,112,,,1
DIR,12/31/2021,33,MANHATTAN,YES,WHITE,FEMALE,33,WHITE,MALE,52,112,,,1
DIR,12/31/2021,34,MANHATTAN,MISSING,,,,,,,112,,,1
DIR,12/31/2021,33,MANHATTAN,YES,WHITE,FEMALE,38,OTHER,MALE,46,112,,,1
DIR,12/31/2021,34,MANHATTAN,NO,WHITE,MALE,52,WHITE,MALE,66,112,,,1
DIR,12/31/2021,33,MANHATTAN,YES,BLACK,FEMALE,23,BLACK,MALE,52,112,,,1
RAPE,12/31/2021,33,MANHATTAN,Yes,WHITE HISPANIC,FEMALE,33,WHITE HISPANIC,MALE,52,112,,,1
DIR,12/31/2021,34,MANHATTAN,NO,WHITE,FEMALE,89,WHITE,MALE,28,112,,,1
DIR,12/31/2021,34,MANHATTAN,YES,BLACK,FEMALE,32,BLACK,MALE,40,112,,,1
DIR,12/31/2021,114,QUEENS,MISSING,,,,,,,401,,,
DIR,12/31/2021,114,QUEENS,YES,WHITE,MALE,75,WHITE,FEMALE,69,401,,,
DIR,12/31/2021,114,QUEENS,YES,WHITE,FEMALE,44,WHITE,MALE,,401,,,
DIR,12/31/2021,114,QUEENS,NO,BLACK,FEMALE,64,BLACK,MALE,27,401,,,
DIR,12/31/2021,114,QUEENS,NO,WHITE,FEMALE,59,WHITE,MALE,33,401,,,
DIR,12/31/2021,114,QUEENS,YES,WHITE,FEMALE,23,WHITE,MALE,29,401,,,
DIR,12/31/2021,114,QUEENS,YES,WHITE,FEMALE,29,BLACK,MALE,33,401,,,
DIR,12/31/2021,108,QUEENS,MISSING,BLACK,FEMALE,1,,,,402,,,
DIR,12/31/2021,108,QUEENS,NO,WHITE,MALE,50,WHITE,MALE,,402,,,
DIR,12/31/2021,108,QUEENS,NO,ASIAN / PACIFIC ISLANDER,FEMALE,40,ASIAN / PACIFIC ISLANDER,MALE,22,402,,,
DIR,12/31/2021,108,QUEENS,YES,BLACK,MALE,37,BLACK,FEMALE,,402,,,
DIR,12/31/2021,115,QUEENS,YES,WHITE,FEMALE,22,WHITE,MALE,37,403,,,
DIR,12/31/2021,115,QUEENS,NO,ASIAN / PACIFIC ISLANDER,MALE,49,ASIAN / PACIFIC ISLANDER,MALE,26,403,,,
DIR,12/31/2021,115,QUEENS,YES,WHITE,FEMALE,31,WHITE,MALE,30,403,,,
DIR,12/31/2021,115,QUEENS,MISSING,,,,,,,403,,,
DIR,12/31/2021,115,QUEENS,YES,WHITE,FEMALE,45,WHITE,MALE,48,403,,,
DIR,12/31/2021,115,QUEENS,NO,WHITE,MALE,45,WHITE,FEMALE,20,403,,,
DIR,12/31/2021,115,QUEENS,YES,WHITE,MALE,31,WHITE,FEMALE,22,403,,,
DIR,12/31/2021,115,QUEENS,YES,WHITE,MALE,57,WHITE,MALE,60,403,,,
DIR,12/31/2021,115,QUEENS,YES,WHITE,FEMALE,24,WHITE,MALE,29,403,,,
DIR,12/31/2021,115,QUEENS,NO,ASIAN / PACIFIC ISLANDER,MALE,55,ASIAN / PACIFIC ISLANDER,MALE,27,403,,,
DIR,12/31/2021,115,QUEENS,NO,ASIAN / PACIFIC ISLANDER,MALE,26,ASIAN / PACIFIC ISLANDER,MALE,49,403,,,
DIR,12/31/2021,115,QUEENS,NO,BLACK,FEMALE,25,BLACK,MALE,27,403,,,
DIR,12/31/2021,115,QUEENS,NO,WHITE,FEMALE,39,WHITE,MALE,58,403,,,
DIR,12/31/2021,115,QUEENS,NO,WHITE,MALE,45,WHITE,MALE,23,403,,,
DIR,12/31/2021,115,QUEENS,YES,WHITE,FEMALE,22,WHITE,MALE,31,403,,,
DIR,12/31/2021,115,QUEENS,YES,BLACK,FEMALE,21,BLACK,FEMALE,20,403,,,
DIR,12/31/2021,115,QUEENS,MISSING,,,,,,,403,,,
DIR,12/31/2021,115,QUEENS,NO,ASIAN / PACIFIC ISLANDER,MALE,27,ASIAN / PACIFIC ISLANDER,MALE,55,403,,,
DIR,12/31/2021,110,QUEENS,YES,WHITE,FEMALE,24,BLACK,MALE,26,404,,,
DIR,12/31/2021,110,QUEENS,YES,OTHER,MALE,39,OTHER,MALE,32,404,,,
DIR,12/31/2021,110,QUEENS,MISSING,,,,,,,404,,,
DIR,12/31/2021,110,QUEENS,YES,OTHER,FEMALE,25,OTHER,MALE,27,404,,,
DIR,12/31/2021,110,QUEENS,YES,WHITE,MALE,23,WHITE,FEMALE,21,404,,,
DIR,12/31/2021,110,QUEENS,YES,WHITE,MALE,26,WHITE,FEMALE,21,404,,,
DIR,12/31/2021,110,QUEENS,YES,WHITE,MALE,39,WHITE,FEMALE,31,404,,,
DIR,12/31/2021,110,QUEENS,YES,OTHER,MALE,29,OTHER,FEMALE,50,404,,,
DIR,12/31/2021,110,QUEENS,YES,OTHER,FEMALE,32,OTHER,MALE,39,404,,,
DIR,12/31/2021,110,QUEENS,NO,WHITE,MALE,2,WHITE,MALE,32,404,,,
DIR,12/31/2021,110,QUEENS,MISSING,,,,,,,404,,,
DIR,12/31/2021,110,QUEENS,NO,ASIAN / PACIFIC ISLANDER,FEMALE,67,ASIAN / PACIFIC ISLANDER,MALE,36,404,,,
DIR,12/31/2021,110,QUEENS,MISSING,WHITE,MALE,49,,,,404,,,
DIR,12/31/2021,104,QUEENS,NO,WHITE,FEMALE,24,WHITE,MALE,40,405,,,
DIR,12/31/2021,104,QUEENS,MISSING,,,,,,,405,,,
DIR,12/31/2021,104,QUEENS,NO,WHITE,FEMALE,71,WHITE,FEMALE,32,405,,,
DIR,12/31/2021,104,QUEENS,NO,WHITE,FEMALE,53,WHITE,MALE,57,405,,,
DIR,12/31/2021,104,QUEENS,NO,WHITE,FEMALE,60,WHITE,MALE,29,405,,,
DIR,12/31/2021,104,QUEENS,NO,WHITE,FEMALE,60,WHITE,MALE,32,405,,,
DIR,12/31/2021,104,QUEENS,YES,WHITE,FEMALE,43,WHITE,MALE,41,405,,,
DIR,12/31/2021,104,QUEENS,MISSING,,,,,,,405,,,
DIR,12/31/2021,112,QUEENS,YES,WHITE,FEMALE,31,WHITE,MALE,34,406,,,
DIR,12/31/2021,112,QUEENS,YES,WHITE,MALE,38,WHITE,FEMALE,38,406,,,
DIR,12/31/2021,112,QUEENS,NO,ASIAN / PACIFIC ISLANDER,FEMALE,42,ASIAN / PACIFIC ISLANDER,MALE,28,406,,,
DIR,12/31/2021,112,QUEENS,NO,WHITE,FEMALE,26,WHITE,FEMALE,51,406,,,
DIR,12/31/2021,104,QUEENS,YES,WHITE,FEMALE,54,WHITE,MALE,47,406,,,
DIR,12/31/2021,112,QUEENS,MISSING,,,,,,,406,,,
FELONY ASSAULT,12/31/2021,112,QUEENS,Yes,WHITE HISPANIC,MALE,38,,,,406,,,
DIR,12/31/2021,109,QUEENS,YES,WHITE,FEMALE,24,WHITE,MALE,30,407,,,
DIR,12/31/2021,109,QUEENS,NO,ASIAN / PACIFIC ISLANDER,FEMALE,34,ASIAN / PACIFIC ISLANDER,FEMALE,63,407,,,
DIR,12/31/2021,109,QUEENS,NO,WHITE,MALE,,WHITE,MALE,21,407,,,
DIR,12/31/2021,109,QUEENS,YES,ASIAN / PACIFIC ISLANDER,FEMALE,31,OTHER,MALE,33,407,,,
DIR,12/31/2021,109,QUEENS,MISSING,,,,,,,407,,,
DIR,12/31/2021,109,QUEENS,NO,WHITE,FEMALE,67,WHITE,MALE,19,407,,,
DIR,12/31/2021,109,QUEENS,NO,WHITE,FEMALE,42,WHITE,MALE,14,407,,,
DIR,12/31/2021,109,QUEENS,MISSING,,,,,,,407,,,
DIR,12/31/2021,111,QUEENS,MISSING,,,,,,,408,,,
DIR,12/31/2021,107,QUEENS,NO,OTHER,FEMALE,44,OTHER,FEMALE,28,408,,,
DIR,12/31/2021,107,QUEENS,YES,BLACK,MALE,51,BLACK,FEMALE,51,408,,,
DIR,12/31/2021,107,QUEENS,NO,ASIAN / PACIFIC ISLANDER,FEMALE,29,ASIAN / PACIFIC ISLANDER,MALE,68,408,,,
DIR,12/31/2021,107,QUEENS,YES,WHITE,FEMALE,22,WHITE,MALE,28,408,,,
DIR,12/31/2021,107,QUEENS,NO,BLACK,FEMALE,68,BLACK,FEMALE,33,408,,,
DIR,12/31/2021,107,QUEENS,YES,WHITE,MALE,44,WHITE,MALE,44,408,,,
DIR,12/31/2021,102,QUEENS,YES,BLACK,FEMALE,67,BLACK,MALE,71,409,,,
DIR,12/31/2021,102,QUEENS,YES,WHITE,FEMALE,40,WHITE,MALE,43,409,,,
DIR,12/31/2021,102,QUEENS,YES,ASIAN / PACIFIC ISLANDER,MALE,33,ASIAN / PACIFIC ISLANDER,FEMALE,26,409,,,
DIR,12/31/2021,102,QUEENS,NO,ASIAN / PACIFIC ISLANDER,MALE,24,ASIAN / PACIFIC ISLANDER,FEMALE,50,409,,,
DIR,12/31/2021,102,QUEENS,NO,ASIAN / PACIFIC ISLANDER,FEMALE,26,ASIAN / PACIFIC ISLANDER,MALE,29,409,,,
DIR,12/31/2021,102,QUEENS,NO,,FEMALE,22,,FEMALE,24,409,,,
DIR,12/31/2021,102,QUEENS,NO,BLACK,FEMALE,73,BLACK,MALE,41,409,,,
DIR,12/31/2021,102,QUEENS,YES,,FEMALE,26,BLACK,MALE,,409,,,
DIR,12/31/2021,102,QUEENS,YES,WHITE,FEMALE,25,BLACK,MALE,30,409,,,
DIR,12/31/2021,102,QUEENS,YES,,FEMALE,36,WHITE,MALE,38,409,,,
DIR,12/31/2021,102,QUEENS,YES,BLACK,FEMALE,37,BLACK,MALE,44,409,,,
DIR,12/31/2021,106,QUEENS,YES,BLACK,FEMALE,36,BLACK,MALE,41,410,,,
FELONY ASSAULT,12/31/2021,106,QUEENS,Yes,ASIAN / PACIFIC ISLANDER,FEMALE,36,,,,410,,,
DIR,12/31/2021,106,QUEENS,NO,BLACK,FEMALE,39,OTHER,MALE,14,410,,,
DIR,12/31/2021,106,QUEENS,NO,ASIAN / PACIFIC ISLANDER,FEMALE,39,ASIAN / PACIFIC ISLANDER,MALE,59,410,,,
DIR,12/31/2021,106,QUEENS,YES,ASIAN / PACIFIC ISLANDER,FEMALE,52,ASIAN / PACIFIC ISLANDER,MALE,55,410,,,
DIR,12/31/2021,106,QUEENS,YES,ASIAN / PACIFIC ISLANDER,FEMALE,51,ASIAN / PACIFIC ISLANDER,MALE,47,410,,,
DIR,12/31/2021,106,QUEENS,NO,ASIAN / PACIFIC ISLANDER,MALE,22,ASIAN / PACIFIC ISLANDER,MALE,20,410,,,
DIR,12/31/2021,106,QUEENS,YES,ASIAN / PACIFIC ISLANDER,FEMALE,55,ASIAN / PACIFIC ISLANDER,MALE,60,410,,,
DIR,12/31/2021,106,QUEENS,YES,BLACK,FEMALE,36,BLACK,MALE,35,410,,,
DIR,12/31/2021,106,QUEENS,YES,ASIAN / PACIFIC ISLANDER,FEMALE,36,ASIAN / PACIFIC ISLANDER,MALE,42,410,,,
DIR,12/31/2021,106,QUEENS,YES,ASIAN / PACIFIC ISLANDER,FEMALE,33,ASIAN / PACIFIC ISLANDER,MALE,49,410,,,
DIR,12/31/2021,106,QUEENS,YES,ASIAN / PACIFIC ISLANDER,FEMALE,48,ASIAN / PACIFIC ISLANDER,MALE,52,410,,,
FELONY ASSAULT,12/31/2021,106,QUEENS,Yes,BLACK,FEMALE,36,BLACK,MALE,41,410,,,
DIR,12/31/2021,111,QUEENS,YES,WHITE,FEMALE,45,WHITE,MALE,37,411,,,
DIR,12/31/2021,113,QUEENS,YES,BLACK,MALE,50,BLACK,FEMALE,48,412,,,1
DIR,12/31/2021,113,QUEENS,YES,BLACK,FEMALE,32,BLACK,MALE,35,412,,,1
DIR,12/31/2021,103,QUEENS,YES,WHITE,MALE,36,WHITE,FEMALE,33,412,,,1
DIR,12/31/2021,103,QUEENS,YES,BLACK,FEMALE,33,BLACK,MALE,,412,,,1
DIR,12/31/2021,113,QUEENS,NO,BLACK,FEMALE,,,,,412,,,1
DIR,12/31/2021,113,QUEENS,YES,BLACK,MALE,65,BLACK,FEMALE,54,412,,,1
DIR,12/31/2021,113,QUEENS,YES,BLACK,FEMALE,41,BLACK,MALE,51,412,,,1
FELONY ASSAULT,12/31/2021,103,QUEENS,No,BLACK,FEMALE,53,BLACK HISPANIC,FEMALE,22,412,,,1
DIR,12/31/2021,103,QUEENS,NO,WHITE,MALE,21,WHITE,MALE,52,412,,,1
FELONY ASSAULT,12/31/2021,113,QUEENS,No,WHITE HISPANIC,FEMALE,34,BLACK,MALE,36,412,,,1
DIR,12/31/2021,103,QUEENS,YES,,FEMALE,29,,,,412,,,1
DIR,12/31/2021,103,QUEENS,NO,BLACK,FEMALE,53,BLACK,FEMALE,22,412,,,1
FELONY ASSAULT,12/31/2021,103,QUEENS,Yes,ASIAN / PACIFIC ISLANDER,FEMALE,51,,,,412,,,1
DIR,12/31/2021,103,QUEENS,YES,ASIAN / PACIFIC ISLANDER,FEMALE,30,ASIAN / PACIFIC ISLANDER,MALE,30,412,,,1
DIR,12/31/2021,103,QUEENS,YES,ASIAN / PACIFIC ISLANDER,FEMALE,46,ASIAN / PACIFIC ISLANDER,MALE,48,412,,,1
DIR,12/31/2021,113,QUEENS,YES,BLACK,MALE,33,BLACK,FEMALE,22,412,,,1
DIR,12/31/2021,113,QUEENS,YES,OTHER,FEMALE,21,OTHER,MALE,36,412,,,1
DIR,12/31/2021,113,QUEENS,YES,BLACK,MALE,50,BLACK,MALE,52,412,,,1
DIR,12/31/2021,113,QUEENS,YES,BLACK,FEMALE,38,BLACK,MALE,32,412,,,1
DIR,12/31/2021,113,QUEENS,MISSING,,,,,,,412,,,1
DIR,12/31/2021,113,QUEENS,YES,BLACK,FEMALE,24,BLACK,MALE,,412,,,1
DIR,12/31/2021,103,QUEENS,YES,WHITE,FEMALE,51,WHITE,MALE,57,412,,,1
DIR,12/31/2021,103,QUEENS,MISSING,BLACK,FEMALE,21,,,,412,,,1
DIR,12/31/2021,113,QUEENS,YES,BLACK,FEMALE,23,BLACK,MALE,25,412,,,1
DIR,12/31/2021,103,QUEENS,YES,BLACK,FEMALE,22,BLACK,MALE,20,412,,,1
DIR,12/31/2021,113,QUEENS,NO,,,,,,,412,,,1
DIR,12/31/2021,113,QUEENS,YES,WHITE,FEMALE,34,BLACK,MALE,36,412,,,1
DIR,12/31/2021,103,QUEENS,MISSING,,,,,,,412,,,1
DIR,12/31/2021,113,QUEENS,YES,BLACK,MALE,33,BLACK,FEMALE,,412,,,1
DIR,12/31/2021,103,QUEENS,YES,WHITE,FEMALE,47,WHITE,MALE,52,412,,,1
DIR,12/31/2021,103,QUEENS,NO,ASIAN / PACIFIC ISLANDER,MALE,21,ASIAN / PACIFIC ISLANDER,MALE,51,412,,,1
DIR,12/31/2021,103,QUEENS,NO,BLACK,FEMALE,35,BLACK,MALE,18,412,,,1
DIR,12/31/2021,105,QUEENS,NO,BLACK,FEMALE,88,BLACK,MALE,,413,,,
DIR,12/31/2021,105,QUEENS,MISSING,,,,,,,413,,,
DIR,12/31/2021,105,QUEENS,YES,BLACK,FEMALE,46,BLACK,MALE,52,413,,,
DIR,12/31/2021,105,QUEENS,YES,BLACK,FEMALE,22,BLACK,MALE,26,413,,,
DIR,12/31/2021,105,QUEENS,NO,BLACK,FEMALE,65,BLACK,FEMALE,16,413,,,
DIR,12/31/2021,105,QUEENS,YES,BLACK,FEMALE,32,WHITE,MALE,34,413,,,
DIR,12/31/2021,105,QUEENS,NO,BLACK,MALE,56,BLACK,MALE,29,413,,,
DIR,12/31/2021,100,QUEENS,YES,OTHER,FEMALE,48,OTHER,MALE,,414,,,
DIR,12/31/2021,101,QUEENS,NO,BLACK,FEMALE,18,BLACK,FEMALE,55,414,,,
DIR,12/31/2021,101,QUEENS,YES,WHITE,FEMALE,30,OTHER,MALE,42,414,,,
DIR,12/31/2021,100,QUEENS,MISSING,,,,,,,414,,,
DIR,12/31/2021,101,QUEENS,YES,BLACK,FEMALE,31,BLACK,MALE,31,414,,,
DIR,12/31/2021,100,QUEENS,NO,OTHER,FEMALE,22,OTHER,MALE,37,414,,,
DIR,12/31/2021,100,QUEENS,NO,BLACK,FEMALE,38,BLACK,MALE,18,414,,,
DIR,12/31/2021,101,QUEENS,NO,BLACK,MALE,50,BLACK,MALE,27,414,,,
DIR,12/31/2021,101,QUEENS,YES,BLACK,FEMALE,39,BLACK,FEMALE,52,414,,,
DIR,12/31/2021,101,QUEENS,YES,WHITE,MALE,28,WHITE,FEMALE,28,414,,,
DIR,12/31/2021,101,QUEENS,NO,OTHER,FEMALE,34,OTHER,MALE,44,414,,,
DIR,12/31/2021,101,QUEENS,YES,BLACK,MALE,33,WHITE,FEMALE,32,414,,,
DIR,12/31/2021,100,QUEENS,NO,BLACK,FEMALE,,,MALE,,414,,,
DIR,12/31/2021,101,QUEENS,YES,WHITE,FEMALE,58,BLACK,MALE,48,414,,,
DIR,12/31/2021,101,QUEENS,NO,WHITE,FEMALE,25,OTHER,MALE,,414,,,
DIR,12/31/2021,105,QUEENS,NO,BLACK,FEMALE,3,BLACK,MALE,28,,,,
DIR,12/31/2021,120,STATEN ISLAND,YES,WHITE,FEMALE,37,WHITE,MALE,41,501,,,
DIR,12/31/2021,120,STATEN ISLAND,MISSING,WHITE,FEMALE,,,,,501,,,
DIR,12/31/2021,120,STATEN ISLAND,NO,BLACK,FEMALE,31,BLACK,MALE,34,501,,,
DIR,12/31/2021,120,STATEN ISLAND,NO,BLACK,FEMALE,22,BLACK,MALE,15,501,,,
DIR,12/31/2021,120,STATEN ISLAND,YES,BLACK,FEMALE,23,AMERICAN INDIAN/ALASKAN NATIVE,MALE,22,501,,,
DIR,12/31/2021,120,STATEN ISLAND,YES,BLACK,MALE,42,WHITE,FEMALE,43,501,,,
DIR,12/31/2021,120,STATEN ISLAND,YES,OTHER,MALE,31,OTHER,FEMALE,,501,,,
DIR,12/31/2021,121,STATEN ISLAND,NO,BLACK,FEMALE,41,BLACK,FEMALE,23,501,,,
DIR,12/31/2021,120,STATEN ISLAND,MISSING,OTHER,FEMALE,,,,,501,,,
DIR,12/31/2021,120,STATEN ISLAND,NO,BLACK,FEMALE,35,BLACK,FEMALE,58,501,,,
DIR,12/31/2021,120,STATEN ISLAND,YES,BLACK,FEMALE,38,BLACK,MALE,40,501,,,
DIR,12/31/2021,120,STATEN ISLAND,NO,WHITE,MALE,29,WHITE,MALE,57,501,,,
DIR,12/31/2021,120,STATEN ISLAND,MISSING,OTHER,MALE,,,,,501,,,
DIR,12/31/2021,120,STATEN ISLAND,YES,WHITE,MALE,41,WHITE,FEMALE,37,501,,,
DIR,12/31/2021,121,STATEN ISLAND,NO,BLACK,FEMALE,70,BLACK,FEMALE,27,501,,,
DIR,12/31/2021,121,STATEN ISLAND,MISSING,WHITE,FEMALE,,,,,501,,,
DIR,12/31/2021,120,STATEN ISLAND,MISSING,BLACK,FEMALE,,,,,501,,,
DIR,12/31/2021,120,STATEN ISLAND,YES,WHITE,MALE,47,WHITE,FEMALE,,501,,,
DIR,12/31/2021,120,STATEN ISLAND,YES,BLACK,FEMALE,26,BLACK,MALE,26,501,,,
DIR,12/31/2021,121,STATEN ISLAND,NO,BLACK,FEMALE,41,BLACK,FEMALE,23,501,,,
DIR,12/31/2021,120,STATEN ISLAND,MISSING,,,,,,,501,,,
DIR,12/31/2021,120,STATEN ISLAND,MISSING,OTHER,MALE,39,,,,501,,,
DIR,12/31/2021,120,STATEN ISLAND,YES,WHITE,FEMALE,61,BLACK,MALE,54,501,,,
DIR,12/31/2021,121,STATEN ISLAND,NO,BLACK,FEMALE,62,BLACK,FEMALE,23,501,,,
DIR,12/31/2021,120,STATEN ISLAND,YES,BLACK,FEMALE,36,BLACK,MALE,39,501,,,
DIR,12/31/2021,121,STATEN ISLAND,NO,WHITE,FEMALE,39,WHITE,MALE,16,501,,,
DIR,12/31/2021,122,STATEN ISLAND,YES,WHITE,FEMALE,,WHITE,MALE,32,502,,,
DIR,12/31/2021,122,STATEN ISLAND,YES,WHITE,MALE,45,WHITE,FEMALE,40,502,,,
DIR,12/31/2021,122,STATEN ISLAND,YES,ASIAN / PACIFIC ISLANDER,FEMALE,34,ASIAN / PACIFIC ISLANDER,MALE,34,502,,,
DIR,12/31/2021,122,STATEN ISLAND,NO,WHITE,FEMALE,71,WHITE,FEMALE,40,502,,,
DIR,12/31/2021,122,STATEN ISLAND,YES,OTHER,FEMALE,33,,MALE,,502,,,
DIR,12/31/2021,122,STATEN ISLAND,YES,BLACK,FEMALE,51,BLACK,MALE,55,502,,,
DIR,12/31/2021,122,STATEN ISLAND,NO,BLACK,FEMALE,35,BLACK,MALE,26,502,,,
DIR,12/31/2021,122,STATEN ISLAND,YES,WHITE,FEMALE,31,WHITE,MALE,,502,,,
DIR,12/31/2021,122,STATEN ISLAND,NO,WHITE,FEMALE,,WHITE,MALE,,503,,,
DIR,12/31/2021,123,STATEN ISLAND,NO,WHITE,MALE,54,WHITE,MALE,22,503,,,
DIR,12/31/2021,122,STATEN ISLAND,NO,WHITE,FEMALE,51,WHITE,MALE,32,503,,,
DIR,12/31/2021,122,STATEN ISLAND,NO,WHITE,MALE,73,WHITE,MALE,35,503,,,
DIR,12/31/2021,123,STATEN ISLAND,YES,WHITE,FEMALE,24,WHITE,MALE,31,503,,,
DIR,12/30/2021,40,BRONX,YES,OTHER,MALE,24,,,,201,1,1,1
DIR,12/30/2021,40,BRONX,YES,,FEMALE,27,BLACK,MALE,25,201,1,1,1
DIR,12/30/2021,40,BRONX,YES,WHITE,MALE,54,BLACK,FEMALE,33,201,1,1,1
FELONY ASSAULT,12/30/2021,40,BRONX,Yes,WHITE HISPANIC,MALE,55,,FEMALE,,201,1,1,1
DIR,12/30/2021,40,BRONX,YES,OTHER,MALE,55,,,,201,1,1,1
DIR,12/30/2021,40,BRONX,YES,BLACK,FEMALE,29,BLACK,,30,201,1,1,1
DIR,12/30/2021,40,BRONX,NO,BLACK,FEMALE,60,BLACK,MALE,24,201,1,1,1
DIR,12/30/2021,40,BRONX,YES,OTHER,FEMALE,21,BLACK,MALE,27,201,1,1,1
DIR,12/30/2021,40,BRONX,YES,WHITE,FEMALE,28,WHITE,MALE,31,201,1,1,1
DIR,12/30/2021,40,BRONX,MISSING,,,,,,,201,1,1,1
DIR,12/30/2021,40,BRONX,YES,BLACK,FEMALE,38,BLACK,MALE,38,201,1,1,1
DIR,12/30/2021,40,BRONX,MISSING,BLACK,FEMALE,,,,,201,1,1,1
DIR,12/30/2021,40,BRONX,YES,BLACK,FEMALE,29,BLACK,MALE,30,201,1,1,1
DIR,12/30/2021,40,BRONX,NO,WHITE,FEMALE,54,WHITE,FEMALE,24,201,1,1,1
DIR,12/30/2021,40,BRONX,MISSING,,,,,,,201,1,1,1
DIR,12/30/2021,40,BRONX,YES,BLACK,FEMALE,34,BLACK,MALE,37,201,1,1,1
DIR,12/30/2021,41,BRONX,YES,WHITE,FEMALE,43,BLACK,MALE,41,202,1,1,1
DIR,12/30/2021,41,BRONX,YES,WHITE,MALE,50,WHITE,FEMALE,47,202,1,1,1
DIR,12/30/2021,41,BRONX,NO,BLACK,FEMALE,8,BLACK,FEMALE,33,202,1,1,1
DIR,12/30/2021,41,BRONX,YES,WHITE,FEMALE,34,WHITE,MALE,38,202,1,1,1
DIR,12/30/2021,41,BRONX,YES,WHITE,FEMALE,15,OTHER,MALE,,202,1,1,1
DIR,12/30/2021,41,BRONX,NO,BLACK,FEMALE,41,BLACK,FEMALE,18,202,1,1,1
DIR,12/30/2021,41,BRONX,YES,BLACK,FEMALE,,BLACK,MALE,,202,1,1,1
DIR,12/30/2021,41,BRONX,YES,BLACK,FEMALE,29,BLACK,FEMALE,25,202,1,1,1
DIR,12/30/2021,41,BRONX,NO,WHITE,FEMALE,38,WHITE,FEMALE,,202,1,1,1
DIR,12/30/2021,41,BRONX,YES,BLACK,FEMALE,29,BLACK,MALE,25,202,1,1,1
DIR,12/30/2021,41,BRONX,YES,WHITE,FEMALE,38,WHITE,MALE,35,202,1,1,1
DIR,12/30/2021,42,BRONX,NO,BLACK,MALE,57,BLACK,FEMALE,20,203,1,1,1
DIR,12/30/2021,42,BRONX,MISSING,BLACK,FEMALE,43,,MALE,42,203,1,1,1
DIR,12/30/2021,42,BRONX,YES,BLACK,MALE,44,BLACK,FEMALE,43,203,1,1,1
DIR,12/30/2021,42,BRONX,YES,BLACK,MALE,44,BLACK,FEMALE,43,203,1,1,1
DIR,12/30/2021,42,BRONX,YES,BLACK,FEMALE,43,BLACK,MALE,42,203,1,1,1
DIR,12/30/2021,42,BRONX,NO,WHITE,FEMALE,57,WHITE,MALE,41,203,1,1,1
DIR,12/30/2021,42,BRONX,YES,WHITE,MALE,28,WHITE,FEMALE,25,203,1,1,1
DIR,12/30/2021,42,BRONX,NO,BLACK,MALE,57,BLACK,FEMALE,21,203,1,1,1
DIR,12/30/2021,42,BRONX,NO,WHITE,MALE,68,WHITE,FEMALE,85,203,1,1,1
DIR,12/30/2021,42,BRONX,MISSING,,,,,,,203,1,1,1
DIR,12/30/2021,42,BRONX,MISSING,,,,,,,203,1,1,1
DIR,12/30/2021,42,BRONX,MISSING,,,,,,,203,1,1,1
DIR,12/30/2021,42,BRONX,YES,BLACK,MALE,29,BLACK,FEMALE,22,203,1,1,1
DIR,12/30/2021,42,BRONX,YES,WHITE,MALE,36,WHITE,,,203,1,1,1
DIR,12/30/2021,42,BRONX,YES,,MALE,36,BLACK,MALE,30,203,1,1,1
DIR,12/30/2021,44,BRONX,MISSING,,,,,,,204,1,1,1
DIR,12/30/2021,44,BRONX,YES,WHITE,FEMALE,62,,,,204,1,1,1
DIR,12/30/2021,44,BRONX,MISSING,,FEMALE,,,MALE,,204,1,1,1
DIR,12/30/2021,44,BRONX,NO,BLACK,FEMALE,27,BLACK,FEMALE,63,204,1,1,1
DIR,12/30/2021,44,BRONX,YES,WHITE,FEMALE,45,WHITE,MALE,48,204,1,1,1
DIR,12/30/2021,44,BRONX,MISSING,,FEMALE,,,,,204,1,1,1
FELONY ASSAULT,12/30/2021,44,BRONX,No,WHITE HISPANIC,MALE,26,,FEMALE,,204,1,1,1
DIR,12/30/2021,44,BRONX,YES,WHITE,FEMALE,51,OTHER,MALE,49,204,1,1,1
DIR,12/30/2021,44,BRONX,MISSING,,,,,,,204,1,1,1
DIR,12/30/2021,44,BRONX,YES,BLACK,FEMALE,32,WHITE,MALE,35,204,1,1,1
DIR,12/30/2021,44,BRONX,YES,WHITE,FEMALE,24,BLACK,MALE,21,204,1,1,1
DIR,12/30/2021,44,BRONX,NO,BLACK,FEMALE,31,BLACK,MALE,17,204,1,1,1
DIR,12/30/2021,44,BRONX,MISSING,,,,,,,204,1,1,1
DIR,12/30/2021,44,BRONX,NO,WHITE,FEMALE,42,WHITE,FEMALE,21,204,1,1,1
DIR,12/30/2021,44,BRONX,MISSING,,,,,,,204,1,1,1
DIR,12/30/2021,44,BRONX,YES,BLACK,MALE,21,WHITE,FEMALE,,204,1,1,1
DIR,12/30/2021,44,BRONX,YES,WHITE,FEMALE,23,WHITE,MALE,20,204,1,1,1
DIR,12/30/2021,44,BRONX,MISSING,,,,,,,204,1,1,1
DIR,12/30/2021,44,BRONX,NO,WHITE,FEMALE,55,WHITE,MALE,23,204,1,1,1
DIR,12/30/2021,44,BRONX,YES,BLACK,MALE,43,BLACK,FEMALE,,204,1,1,1
DIR,12/30/2021,46,BRONX,YES,BLACK,FEMALE,27,WHITE,MALE,27,205,1,1,1
DIR,12/30/2021,46,BRONX,YES,BLACK,FEMALE,53,BLACK,MALE,65,205,1,1,1
FELONY ASSAULT,12/30/2021,46,BRONX,Yes,WHITE HISPANIC,FEMALE,23,,,,205,1,1,1
DIR,12/30/2021,46,BRONX,NO,OTHER,FEMALE,60,OTHER,MALE,39,205,1,1,1
DIR,12/30/2021,46,BRONX,MISSING,OTHER,FEMALE,,,,,205,1,1,1
DIR,12/30/2021,46,BRONX,YES,WHITE,FEMALE,38,BLACK,MALE,41,205,1,1,1
DIR,12/30/2021,46,BRONX,YES,OTHER,MALE,26,OTHER,FEMALE,30,205,1,1,1
DIR,12/30/2021,46,BRONX,YES,BLACK,FEMALE,,OTHER,MALE,,205,1,1,1
DIR,12/30/2021,46,BRONX,YES,WHITE,FEMALE,39,WHITE,MALE,34,205,1,1,1
DIR,12/30/2021,46,BRONX,MISSING,OTHER,FEMALE,,,,,205,1,1,1
DIR,12/30/2021,46,BRONX,NO,BLACK,FEMALE,57,WHITE,MALE,,205,1,1,1
DIR,12/30/2021,46,BRONX,YES,WHITE,FEMALE,23,BLACK,MALE,26,205,1,1,1
DIR,12/30/2021,46,BRONX,NO,OTHER,FEMALE,47,OTHER,MALE,26,205,1,1,1
DIR,12/30/2021,46,BRONX,NO,WHITE,MALE,58,BLACK,MALE,34,205,1,1,1
DIR,12/30/2021,46,BRONX,MISSING,,,,,,,205,1,1,1
DIR,12/30/2021,48,BRONX,NO,BLACK,FEMALE,43,BLACK,FEMALE,22,206,1,1,1
DIR,12/30/2021,48,BRONX,NO,OTHER,FEMALE,50,OTHER,MALE,25,206,1,1,1
DIR,12/30/2021,48,BRONX,YES,BLACK,MALE,21,BLACK,FEMALE,21,206,1,1,1
DIR,12/30/2021,48,BRONX,NO,WHITE,MALE,8,BLACK,FEMALE,30,206,1,1,1
DIR,12/30/2021,48,BRONX,YES,BLACK,MALE,42,BLACK,FEMALE,43,206,1,1,1
DIR,12/30/2021,48,BRONX,NO,BLACK,FEMALE,35,,MALE,12,206,1,1,1
DIR,12/30/2021,48,BRONX,YES,BLACK,FEMALE,40,BLACK,MALE,44,206,1,1,1
DIR,12/30/2021,48,BRONX,YES,OTHER,FEMALE,35,BLACK,MALE,46,206,1,1,1
DIR,12/30/2021,48,BRONX,YES,BLACK,FEMALE,34,BLACK,MALE,32,206,1,1,1
DIR,12/30/2021,48,BRONX,MISSING,,,,,,,206,1,1,1
DIR,12/30/2021,48,BRONX,NO,WHITE,FEMALE,56,WHITE,FEMALE,21,206,1,1,1
DIR,12/30/2021,48,BRONX,MISSING,,,,,,,206,1,1,1
DIR,12/30/2021,48,BRONX,YES,BLACK,FEMALE,32,BLACK,MALE,31,206,1,1,1
DIR,12/30/2021,48,BRONX,NO,BLACK,MALE,,BLACK,MALE,45,206,1,1,1
DIR,12/30/2021,48,BRONX,YES,BLACK,FEMALE,34,BLACK,MALE,32,206,1,1,1
DIR,12/30/2021,48,BRONX,MISSING,,,,,,,206,1,1,1
DIR,12/30/2021,48,BRONX,YES,BLACK,FEMALE,27,BLACK,MALE,32,206,1,1,1
DIR,12/30/2021,48,BRONX,YES,OTHER,MALE,32,,FEMALE,,206,1,1,1
DIR,12/30/2021,52,BRONX,YES,OTHER,FEMALE,,OTHER,FEMALE,,207,1,1,1
DIR,12/30/2021,52,BRONX,NO,BLACK,FEMALE,59,BLACK,MALE,17,207,1,1,1
DIR,12/30/2021,52,BRONX,YES,BLACK,FEMALE,39,BLACK,MALE,46,207,1,1,1
DIR,12/30/2021,52,BRONX,YES,WHITE,MALE,42,WHITE,MALE,38,207,1,1,1
FELONY ASSAULT,12/30/2021,52,BRONX,No,BLACK,FEMALE,59,BLACK,MALE,17,207,1,1,1
DIR,12/30/2021,52,BRONX,NO,BLACK,FEMALE,33,BLACK,FEMALE,,207,1,1,1
DIR,12/30/2021,52,BRONX,NO,BLACK,MALE,23,,,,207,1,1,1
DIR,12/30/2021,52,BRONX,YES,BLACK,FEMALE,,WHITE,MALE,,207,1,1,1
DIR,12/30/2021,52,BRONX,NO,OTHER,FEMALE,75,OTHER,MALE,50,207,1,1,1
DIR,12/30/2021,52,BRONX,NO,BLACK,FEMALE,36,BLACK,FEMALE,33,207,1,1,1
DIR,12/30/2021,52,BRONX,NO,BLACK,FEMALE,59,BLACK,MALE,17,207,1,1,1
DIR,12/30/2021,52,BRONX,NO,OTHER,FEMALE,,OTHER,FEMALE,21,207,1,1,1
DIR,12/30/2021,52,BRONX,MISSING,,,,,,,207,1,1,1
DIR,12/30/2021,52,BRONX,NO,OTHER,FEMALE,62,OTHER,MALE,27,207,1,1,1
DIR,12/30/2021,52,BRONX,NO,OTHER,MALE,38,WHITE,,,207,1,1,1
DIR,12/30/2021,52,BRONX,YES,BLACK,MALE,,BLACK,MALE,,207,1,1,1
DIR,12/30/2021,50,BRONX,NO,WHITE,FEMALE,59,OTHER,MALE,27,208,,,
DIR,12/30/2021,50,BRONX,NO,BLACK,FEMALE,,BLACK,MALE,,208,,,
DIR,12/30/2021,50,BRONX,YES,ASIAN / PACIFIC ISLANDER,FEMALE,39,ASIAN / PACIFIC ISLANDER,MALE,48,208,,,
DIR,12/30/2021,50,BRONX,YES,ASIAN / PACIFIC ISLANDER,FEMALE,39,ASIAN / PACIFIC ISLANDER,MALE,48,208,,,
DIR,12/30/2021,50,BRONX,YES,BLACK,FEMALE,24,WHITE,MALE,28,208,,,
DIR,12/30/2021,50,BRONX,YES,WHITE,FEMALE,30,BLACK,MALE,34,208,,,
DIR,12/30/2021,43,BRONX,YES,BLACK,MALE,31,BLACK,FEMALE,31,209,1,1,1
DIR,12/30/2021,43,BRONX,YES,WHITE,FEMALE,28,WHITE,MALE,28,209,1,1,1
DIR,12/30/2021,43,BRONX,MISSING,WHITE,FEMALE,,,,,209,1,1,1
DIR,12/30/2021,43,BRONX,YES,WHITE,FEMALE,25,WHITE,MALE,,209,1,1,1
DIR,12/30/2021,43,BRONX,MISSING,OTHER,FEMALE,58,,MALE,,209,1,1,1
DIR,12/30/2021,43,BRONX,YES,,MALE,45,,FEMALE,37,209,1,1,1
DIR,12/30/2021,43,BRONX,NO,WHITE,FEMALE,60,WHITE,MALE,53,209,1,1,1
DIR,12/30/2021,43,BRONX,YES,BLACK,FEMALE,38,BLACK,MALE,38,209,1,1,1
DIR,12/30/2021,43,BRONX,NO,ASIAN / PACIFIC ISLANDER,MALE,54,ASIAN / PACIFIC ISLANDER,FEMALE,23,209,1,1,1
DIR,12/30/2021,43,BRONX,NO,OTHER,FEMALE,,,,,209,1,1,1
DIR,12/30/2021,43,BRONX,NO,BLACK,FEMALE,15,BLACK,FEMALE,17,209,1,1,1
DIR,12/30/2021,43,BRONX,MISSING,BLACK,FEMALE,38,,MALE,39,209,1,1,1
DIR,12/30/2021,43,BRONX,NO,WHITE,MALE,34,BLACK,MALE,36,209,1,1,1
DIR,12/30/2021,43,BRONX,NO,BLACK,FEMALE,57,BLACK,MALE,38,209,1,1,1
DIR,12/30/2021,43,BRONX,YES,BLACK,FEMALE,38,BLACK,MALE,39,209,1,1,1
DIR,12/30/2021,43,BRONX,YES,BLACK,FEMALE,34,BLACK,MALE,,209,1,1,1
DIR,12/30/2021,43,BRONX,YES,BLACK,FEMALE,38,BLACK,MALE,39,209,1,1,1
DIR,12/30/2021,43,BRONX,MISSING,,,,,,,209,1,1,1
DIR,12/30/2021,43,BRONX,NO,BLACK,FEMALE,,BLACK,FEMALE,,209,1,1,1
DIR,12/30/2021,43,BRONX,NO,BLACK,FEMALE,33,BLACK,FEMALE,38,209,1,1,1
DIR,12/30/2021,43,BRONX,YES,BLACK,FEMALE,28,BLACK,MALE,23,209,1,1,1
DIR,12/30/2021,45,BRONX,YES,WHITE,FEMALE,18,OTHER,MALE,21,210,,,
DIR,12/30/2021,45,BRONX,MISSING,BLACK,FEMALE,,,,,210,,,
DIR,12/30/2021,45,BRONX,YES,OTHER,FEMALE,26,OTHER,MALE,34,210,,,
DIR,12/30/2021,45,BRONX,YES,OTHER,FEMALE,62,BLACK,MALE,43,210,,,
DIR,12/30/2021,45,BRONX,YES,BLACK,MALE,38,BLACK,FEMALE,34,210,,,
FELONY ASSAULT,12/30/2021,45,BRONX,Yes,BLACK,MALE,38,BLACK,FEMALE,34,210,,,
DIR,12/30/2021,49,BRONX,NO,WHITE,FEMALE,25,WHITE,MALE,29,211,,,1
DIR,12/30/2021,49,BRONX,MISSING,,,,,,,211,,,1
DIR,12/30/2021,49,BRONX,NO,OTHER,FEMALE,66,OTHER,MALE,29,211,,,1
DIR,12/30/2021,49,BRONX,NO,ASIAN / PACIFIC ISLANDER,MALE,49,OTHER,FEMALE,39,211,,,1
DIR,12/30/2021,49,BRONX,YES,WHITE,FEMALE,37,WHITE,MALE,31,211,,,1
DIR,12/30/2021,49,BRONX,YES,BLACK,FEMALE,33,OTHER,MALE,,211,,,1
DIR,12/30/2021,49,BRONX,NO,BLACK,FEMALE,74,BLACK,MALE,,211,,,1
DIR,12/30/2021,49,BRONX,NO,OTHER,FEMALE,,OTHER,MALE,,211,,,1
DIR,12/30/2021,49,BRONX,MISSING,,,,,,,211,,,1
DIR,12/30/2021,49,BRONX,NO,WHITE,FEMALE,28,WHITE,MALE,54,211,,,1
DIR,12/30/2021,47,BRONX,NO,BLACK,MALE,52,BLACK,FEMALE,,212,,,1
DIR,12/30/2021,47,BRONX,YES,BLACK,FEMALE,29,OTHER,MALE,36,212,,,1
DIR,12/30/2021,47,BRONX,YES,BLACK,FEMALE,22,BLACK,MALE,23,212,,,1
DIR,12/30/2021,47,BRONX,MISSING,BLACK,FEMALE,36,,,,212,,,1
DIR,12/30/2021,47,BRONX,MISSING,BLACK,MALE,41,,,,212,,,1
DIR,12/30/2021,47,BRONX,YES,BLACK,FEMALE,34,BLACK,MALE,61,212,,,1
DIR,12/30/2021,47,BRONX,YES,BLACK,FEMALE,33,,,,212,,,1
DIR,12/30/2021,47,BRONX,YES,BLACK,FEMALE,62,BLACK,MALE,50,212,,,1
DIR,12/30/2021,47,BRONX,YES,BLACK,FEMALE,42,BLACK,MALE,57,212,,,1
DIR,12/30/2021,47,BRONX,YES,BLACK,FEMALE,,BLACK,MALE,31,212,,,1
DIR,12/30/2021,47,BRONX,NO,BLACK,FEMALE,39,OTHER,MALE,17,212,,,1
DIR,12/30/2021,47,BRONX,YES,BLACK,FEMALE,37,BLACK,MALE,33,212,,,1
DIR,12/30/2021,47,BRONX,YES,BLACK,MALE,37,BLACK,FEMALE,33,212,,,1
DIR,12/30/2021,47,BRONX,MISSING,,,,,,,212,,,1
DIR,12/30/2021,47,BRONX,YES,ASIAN / PACIFIC ISLANDER,FEMALE,45,ASIAN / PACIFIC ISLANDER,MALE,45,212,,,1
DIR,12/30/2021,47,BRONX,YES,ASIAN / PACIFIC ISLANDER,FEMALE,45,ASIAN / PACIFIC ISLANDER,MALE,45,212,,,1
DIR,12/30/2021,47,BRONX,YES,ASIAN / PACIFIC ISLANDER,FEMALE,45,ASIAN / PACIFIC ISLANDER,MALE,45,212,,,1
DIR,12/30/2021,47,BRONX,NO,BLACK,MALE,61,BLACK,MALE,25,212,,,1
DIR,12/30/2021,47,BRONX,NO,WHITE,FEMALE,57,WHITE,MALE,45,212,,,1
DIR,12/30/2021,47,BRONX,YES,OTHER,FEMALE,24,,MALE,25,212,,,1
DIR,12/30/2021,47,BRONX,NO,WHITE,FEMALE,41,WHITE,MALE,34,212,,,1
FELONY ASSAULT,12/30/2021,47,BRONX,No,BLACK,FEMALE,38,BLACK,MALE,17,212,,,1
DIR,12/30/2021,47,BRONX,NO,BLACK,FEMALE,38,BLACK,MALE,17,212,,,1
DIR,12/30/2021,47,BRONX,YES,BLACK,MALE,36,BLACK,FEMALE,44,212,,,1
FELONY ASSAULT,12/30/2021,47,BRONX,Yes,BLACK,FEMALE,45,BLACK,MALE,38,212,,,1
DIR,12/30/2021,47,BRONX,YES,BLACK,FEMALE,45,BLACK,MALE,38,212,,,1
DIR,12/30/2021,47,BRONX,YES,BLACK,FEMALE,45,BLACK,MALE,38,212,,,1
DIR,12/30/2021,52,BRONX,YES,BLACK,FEMALE,39,BLACK,MALE,17,227,,,
DIR,12/30/2021,94,BROOKLYN,NO,WHITE,FEMALE,69,WHITE,MALE,31,301,,,
DIR,12/30/2021,94,BROOKLYN,MISSING,BLACK,MALE,,BLACK,FEMALE,,301,,,
DIR,12/30/2021,90,BROOKLYN,YES,BLACK,FEMALE,20,BLACK,MALE,,301,,,
DIR,12/30/2021,90,BROOKLYN,NO,WHITE,FEMALE,33,WHITE,MALE,15,301,,,
DIR,12/30/2021,90,BROOKLYN,YES,BLACK,FEMALE,44,BLACK,MALE,45,301,,,
DIR,12/30/2021,94,BROOKLYN,NO,OTHER,FEMALE,64,OTHER,MALE,44,301,,,
DIR,12/30/2021,90,BROOKLYN,YES,WHITE,FEMALE,29,WHITE,MALE,28,301,,,
DIR,12/30/2021,90,BROOKLYN,YES,OTHER,FEMALE,35,OTHER,MALE,39,301,,,
FELONY ASSAULT,12/30/2021,84,BROOKLYN,No,WHITE,MALE,86,WHITE,MALE,38,302,,,
DIR,12/30/2021,88,BROOKLYN,MISSING,,,,,,,302,,,
DIR,12/30/2021,84,BROOKLYN,YES,WHITE,FEMALE,25,WHITE,MALE,29,302,,,
DIR,12/30/2021,88,BROOKLYN,NO,BLACK,FEMALE,34,BLACK,MALE,28,302,,,
DIR,12/30/2021,84,BROOKLYN,YES,BLACK,MALE,28,BLACK,MALE,20,302,,,
DIR,12/30/2021,84,BROOKLYN,NO,WHITE,MALE,86,WHITE,MALE,38,302,,,
DIR,12/30/2021,81,BROOKLYN,YES,BLACK,FEMALE,33,BLACK,MALE,25,303,1,1,
DIR,12/30/2021,79,BROOKLYN,YES,BLACK,MALE,46,BLACK,FEMALE,43,303,1,1,
DIR,12/30/2021,79,BROOKLYN,NO,,,,,,,303,1,1,
FELONY ASSAULT,12/30/2021,81,BROOKLYN,Yes,BLACK,FEMALE,35,BLACK,MALE,24,303,1,1,
DIR,12/30/2021,79,BROOKLYN,NO,BLACK,MALE,42,BLACK,FEMALE,,303,1,1,
DIR,12/30/2021,79,BROOKLYN,NO,OTHER,FEMALE,22,OTHER,,,303,1,1,
DIR,12/30/2021,79,BROOKLYN,MISSING,OTHER,FEMALE,,OTHER,,,303,1,1,
DIR,12/30/2021,81,BROOKLYN,NO,,,,,,,303,1,1,
DIR,12/30/2021,79,BROOKLYN,YES,BLACK,FEMALE,22,BLACK,MALE,23,303,1,1,
DIR,12/30/2021,79,BROOKLYN,YES,WHITE,FEMALE,25,BLACK,MALE,27,303,1,1,
DIR,12/30/2021,81,BROOKLYN,YES,BLACK,FEMALE,38,BLACK,MALE,30,303,1,1,
DIR,12/30/2021,79,BROOKLYN,NO,BLACK,FEMALE,44,BLACK,FEMALE,17,303,1,1,
DIR,12/30/2021,81,BROOKLYN,YES,BLACK,FEMALE,35,BLACK,MALE,24,303,1,1,
DIR,12/30/2021,79,BROOKLYN,NO,OTHER,,,OTHER,,,303,1,1,
DIR,12/30/2021,83,BROOKLYN,YES,BLACK,FEMALE,35,WHITE,MALE,,304,1,1,
DIR,12/30/2021,83,BROOKLYN,NO,OTHER,FEMALE,,OTHER,FEMALE,,304,1,1,
DIR,12/30/2021,83,BROOKLYN,NO,OTHER,MALE,,OTHER,FEMALE,,304,1,1,
DIR,12/30/2021,83,BROOKLYN,YES,BLACK,FEMALE,,BLACK,MALE,,304,1,1,
DIR,12/30/2021,83,BROOKLYN,YES,WHITE,FEMALE,24,WHITE,MALE,25,304,1,1,
DIR,12/30/2021,83,BROOKLYN,YES,BLACK,MALE,39,BLACK,FEMALE,,304,1,1,
DIR,12/30/2021,83,BROOKLYN,NO,BLACK,FEMALE,34,BLACK,FEMALE,17,304,1,1,
DIR,12/30/2021,83,BROOKLYN,YES,OTHER,FEMALE,,OTHER,MALE,,304,1,1,
FELONY ASSAULT,12/30/2021,75,BROOKLYN,Yes,BLACK,FEMALE,59,BLACK HISPANIC,MALE,50,305,1,1,
DIR,12/30/2021,75,BROOKLYN,MISSING,OTHER,MALE,,,,,305,1,1,
DIR,12/30/2021,75,BROOKLYN,YES,BLACK,FEMALE,36,BLACK,MALE,40,305,1,1,
DIR,12/30/2021,75,BROOKLYN,MISSING,,,,,,,305,1,1,
DIR,12/30/2021,75,BROOKLYN,YES,BLACK,FEMALE,21,BLACK,MALE,22,305,1,1,
DIR,12/30/2021,75,BROOKLYN,NO,BLACK,FEMALE,24,BLACK,MALE,28,305,1,1,
DIR,12/30/2021,75,BROOKLYN,YES,BLACK,MALE,51,BLACK,FEMALE,40,305,1,1,
DIR,12/30/2021,75,BROOKLYN,YES,BLACK,MALE,60,BLACK,FEMALE,54,305,1,1,
DIR,12/30/2021,75,BROOKLYN,MISSING,BLACK,FEMALE,,,,,305,1,1,
DIR,12/30/2021,75,BROOKLYN,YES,BLACK,MALE,48,BLACK,FEMALE,37,305,1,1,
DIR,12/30/2021,75,BROOKLYN,NO,BLACK,FEMALE,54,OTHER,MALE,28,305,1,1,
DIR,12/30/2021,75,BROOKLYN,NO,BLACK,FEMALE,39,BLACK,MALE,19,305,1,1,
DIR,12/30/2021,75,BROOKLYN,NO,BLACK,FEMALE,36,BLACK,FEMALE,14,305,1,1,
DIR,12/30/2021,75,BROOKLYN,YES,BLACK,FEMALE,37,,MALE,,305,1,1,
DIR,12/30/2021,75,BROOKLYN,YES,BLACK,FEMALE,21,BLACK,MALE,23,305,1,1,
DIR,12/30/2021,75,BROOKLYN,YES,WHITE,FEMALE,46,BLACK,FEMALE,40,305,1,1,
DIR,12/30/2021,75,BROOKLYN,YES,BLACK,FEMALE,40,BLACK,MALE,51,305,1,1,
DIR,12/30/2021,75,BROOKLYN,MISSING,,,,,,,305,1,1,
DIR,12/30/2021,75,BROOKLYN,MISSING,,MALE,,,MALE,,305,1,1,
DIR,12/30/2021,75,BROOKLYN,NO,WHITE,FEMALE,,,,,305,1,1,
DIR,12/30/2021,75,BROOKLYN,YES,BLACK,FEMALE,59,WHITE,MALE,50,305,1,1,
DIR,12/30/2021,75,BROOKLYN,YES,WHITE,MALE,30,BLACK,FEMALE,25,305,1,1,
DIR,12/30/2021,75,BROOKLYN,YES,BLACK,FEMALE,27,BLACK,MALE,40,305,1,1,
DIR,12/30/2021,75,BROOKLYN,YES,BLACK,FEMALE,59,BLACK,MALE,,305,1,1,
DIR,12/30/2021,78,BROOKLYN,NO,BLACK,FEMALE,49,BLACK,FEMALE,24,306,,,
DIR,12/30/2021,78,BROOKLYN,NO,BLACK,FEMALE,54,BLACK,MALE,30,306,,,
DIR,12/30/2021,76,BROOKLYN,YES,WHITE,MALE,37,WHITE,FEMALE,36,306,,,
DIR,12/30/2021,76,BROOKLYN,YES,WHITE,FEMALE,25,BLACK,MALE,28,306,,,
DIR,12/30/2021,76,BROOKLYN,NO,OTHER,FEMALE,83,,,,306,,,
DIR,12/30/2021,78,BROOKLYN,YES,BLACK,FEMALE,,BLACK,MALE,,306,,,
DIR,12/30/2021,78,BROOKLYN,YES,WHITE,FEMALE,31,WHITE,MALE,38,306,,,
DIR,12/30/2021,76,BROOKLYN,YES,BLACK,FEMALE,31,BLACK,MALE,45,306,,,
DIR,12/30/2021,72,BROOKLYN,NO,WHITE,MALE,53,WHITE,MALE,25,307,,,
DIR,12/30/2021,77,BROOKLYN,YES,BLACK,FEMALE,23,BLACK,MALE,28,308,,,
DIR,12/30/2021,77,BROOKLYN,YES,BLACK,FEMALE,31,BLACK,MALE,,308,,,
DIR,12/30/2021,77,BROOKLYN,YES,BLACK,FEMALE,33,BLACK,MALE,34,308,,,
DIR,12/30/2021,77,BROOKLYN,NO,BLACK,MALE,33,BLACK,FEMALE,76,308,,,
DIR,12/30/2021,77,BROOKLYN,NO,BLACK,MALE,63,BLACK,FEMALE,,308,,,
DIR,12/30/2021,77,BROOKLYN,YES,OTHER,MALE,,,FEMALE,,308,,,
DIR,12/30/2021,77,BROOKLYN,NO,BLACK,FEMALE,13,BLACK,FEMALE,39,308,,,
DIR,12/30/2021,77,BROOKLYN,NO,BLACK,FEMALE,51,BLACK,MALE,31,308,,,
DIR,12/30/2021,77,BROOKLYN,NO,BLACK,FEMALE,47,BLACK,FEMALE,,308,,,
DIR,12/30/2021,71,BROOKLYN,NO,BLACK,MALE,20,BLACK,FEMALE,49,309,,,
DIR,12/30/2021,71,BROOKLYN,YES,BLACK,FEMALE,28,BLACK,MALE,47,309,,,
FELONY ASSAULT,12/30/2021,71,BROOKLYN,Yes,,FEMALE,28,BLACK,MALE,47,309,,,
DIR,12/30/2021,71,BROOKLYN,NO,BLACK,FEMALE,53,BLACK,FEMALE,16,309,,,
